timestamp,humidity,temperature
2025-05-01 00:00:00,51.0,19.1
2025-05-01 01:00:00,51.0,19.1
2025-05-01 02:00:00,51.0,19.1
2025-05-01 03:00:00,51.0,19.1
2025-05-01 04:00:00,50.2,19.1
2025-05-01 05:00:00,50.0,19.1
2025-05-01 06:00:00,50.2,19.1
2025-05-01 07:00:00,51.0,19.2
2025-05-01 08:00:00,51.0,19.22
2025-05-01 09:00:00,51.0,19.3
2025-05-01 10:00:00,51.0,19.33
2025-05-01 11:00:00,51.0,19.4
2025-05-01 12:00:00,51.0,19.47
2025-05-01 13:00:00,51.0,19.5
2025-05-01 15:00:00,51.0,19.65
2025-05-01 16:00:00,51.0,19.85
2025-05-01 17:00:00,51.0,20.0
2025-05-01 18:00:00,51.0,20.0
2025-05-01 19:00:00,51.0,20.0
2025-05-01 20:00:00,51.0,20.0
2025-05-01 21:00:00,51.0,19.95
2025-05-01 22:00:00,51.0,19.9
2025-05-01 23:00:00,51.0,19.9
2025-05-02 00:00:00,51.0,19.9
2025-05-02 01:00:00,51.0,19.88
2025-05-02 02:00:00,51.0,19.83
2025-05-02 03:00:00,50.5,19.8
2025-05-02 04:00:00,50.0,19.8
2025-05-02 05:00:00,50.0,19.8
2025-05-02 06:00:00,50.0,19.8
2025-05-02 07:00:00,51.0,19.85
2025-05-02 08:00:00,51.0,19.9
2025-05-02 09:00:00,51.0,20.0
2025-05-02 10:00:00,51.0,20.03
2025-05-02 12:00:00,51.0,20.17
2025-05-02 13:00:00,51.0,20.2
2025-05-02 14:00:00,51.0,20.27
2025-05-02 15:00:00,51.0,20.3
2025-05-02 16:00:00,51.3,20.37
2025-05-02 17:00:00,52.0,20.4
2025-05-02 18:00:00,52.0,20.48
2025-05-02 19:00:00,52.0,20.5
2025-05-02 20:00:00,52.0,20.5
2025-05-02 21:00:00,52.0,20.5
2025-05-02 22:00:00,52.0,20.5
2025-05-02 23:00:00,52.0,20.5
2025-05-03 00:00:00,52.0,20.5
2025-05-03 01:00:00,51.3,20.5
2025-05-03 02:00:00,51.0,20.5
2025-05-03 03:00:00,51.0,20.5
2025-05-03 04:00:00,51.0,20.5
2025-05-03 05:00:00,51.7,20.5
2025-05-03 06:00:00,52.0,20.5
2025-05-03 07:00:00,52.0,20.5
2025-05-03 08:00:00,52.5,20.55
2025-05-03 09:00:00,53.0,20.6
2025-05-03 10:00:00,53.0,20.6
2025-05-03 11:00:00,53.0,20.67
2025-05-03 12:00:00,53.0,20.7
2025-05-03 13:00:00,53.0,20.7
2025-05-03 14:00:00,53.0,20.78
2025-05-03 15:00:00,53.0,20.8
2025-05-03 16:00:00,53.0,20.8
2025-05-03 17:00:00,53.0,20.8
2025-05-03 18:00:00,53.0,20.8
2025-05-03 19:00:00,53.0,20.8
2025-05-03 20:00:00,53.0,20.8
2025-05-03 21:00:00,53.0,20.8
2025-05-03 22:00:00,53.0,20.8
2025-05-03 23:00:00,53.7,20.8
2025-05-04 01:00:00,54.0,20.73
2025-05-04 02:00:00,54.0,20.72
2025-05-04 03:00:00,53.0,20.7
2025-05-04 04:00:00,53.0,20.7
2025-05-04 05:00:00,53.0,20.7
2025-05-04 06:00:00,53.0,20.7
2025-05-04 07:00:00,53.0,20.7
2025-05-04 08:00:00,53.0,20.7
2025-05-04 10:00:00,53.0,20.7
2025-05-04 11:00:00,53.0,20.7
2025-05-04 12:00:00,53.0,20.7
2025-05-04 13:00:00,53.0,20.7
2025-05-04 14:00:00,53.0,20.6
2025-05-04 15:00:00,53.0,20.6
2025-05-04 16:00:00,53.0,20.53
2025-05-04 17:00:00,52.0,20.5
2025-05-04 18:00:00,52.0,20.43
2025-05-04 19:00:00,52.0,20.4
2025-05-04 20:00:00,51.7,20.33
2025-05-04 21:00:00,51.0,20.3
2025-05-04 22:00:00,51.0,20.2
2025-05-04 23:00:00,50.8,20.15
2025-05-05 00:00:00,50.0,20.08
2025-05-05 01:00:00,50.0,20.0
2025-05-05 02:00:00,50.0,19.9
2025-05-05 03:00:00,49.2,19.82
2025-05-05 04:00:00,49.0,19.73
2025-05-05 05:00:00,49.0,19.65
2025-05-05 06:00:00,49.0,19.58
2025-05-05 08:00:00,50.0,19.58
2025-05-05 09:00:00,49.3,19.6
2025-05-05 11:00:00,49.2,19.6
2025-05-05 14:00:00,49.0,19.6
2025-05-05 15:00:00,48.8,19.6
2025-05-05 16:00:00,48.0,19.6
2025-05-05 17:00:00,48.0,19.6
2025-05-05 18:00:00,48.0,19.6
2025-05-05 19:00:00,47.5,19.6
2025-05-05 20:00:00,47.0,19.6
2025-05-05 21:00:00,47.0,19.6
2025-05-05 22:00:00,47.0,19.6
2025-05-05 23:00:00,47.0,19.6
2025-05-06 00:00:00,47.0,19.6
2025-05-06 01:00:00,46.8,19.6
2025-05-06 02:00:00,46.2,19.6
2025-05-06 03:00:00,46.0,19.57
2025-05-06 04:00:00,46.0,19.5
2025-05-06 05:00:00,46.0,19.5
2025-05-06 06:00:00,46.5,19.58
2025-05-06 07:00:00,46.0,19.8
2025-05-06 09:00:00,46.0,19.9
2025-05-06 10:00:00,46.0,19.9
2025-05-06 11:00:00,46.0,19.95
2025-05-06 13:00:00,45.0,20.03
2025-05-06 16:00:00,45.0,20.02
2025-05-06 17:00:00,45.0,19.98
2025-05-06 18:00:00,45.0,19.9
2025-05-06 19:00:00,45.0,19.87
2025-05-06 20:00:00,45.0,19.77
2025-05-06 21:00:00,45.0,19.65
2025-05-06 22:00:00,45.0,19.55
2025-05-06 23:00:00,45.0,19.43
2025-05-07 00:00:00,45.0,19.33
2025-05-07 01:00:00,45.0,19.22
2025-05-07 02:00:00,45.0,19.1
2025-05-07 03:00:00,45.0,18.98
2025-05-07 05:00:00,45.0,18.77
2025-05-07 06:00:00,44.3,18.7
2025-05-07 07:00:00,44.0,18.7
2025-05-07 08:00:00,44.0,18.62
2025-05-07 09:00:00,44.2,18.6
2025-05-07 10:00:00,45.0,18.52
2025-05-07 11:00:00,45.0,18.5
2025-05-07 12:00:00,45.0,18.5
2025-05-07 13:00:00,45.2,18.45
2025-05-07 14:00:00,46.0,18.4
2025-05-07 15:00:00,46.0,18.33
2025-05-07 16:00:00,46.0,18.28
2025-05-07 17:00:00,46.0,18.2
2025-05-07 18:00:00,46.0,18.12
2025-05-07 19:00:00,46.0,18.05
2025-05-07 20:00:00,46.0,17.95
2025-05-07 21:00:00,46.0,17.88
2025-05-07 22:00:00,46.0,17.8
2025-05-07 23:00:00,46.0,17.72
2025-05-08 00:00:00,46.5,17.68
2025-05-08 01:00:00,47.0,17.6
2025-05-08 02:00:00,47.0,17.55
2025-05-08 03:00:00,47.0,17.5
2025-05-08 04:00:00,47.0,17.4
2025-05-08 05:00:00,47.0,17.38
2025-05-08 06:00:00,47.0,17.3
2025-05-08 07:00:00,47.0,17.3
2025-05-08 08:00:00,47.5,17.4
2025-05-08 09:00:00,48.0,17.4
2025-05-08 10:00:00,48.0,17.4
2025-05-08 11:00:00,48.0,17.4
2025-05-08 12:00:00,48.0,17.42
2025-05-08 13:00:00,48.0,17.5
2025-05-08 14:00:00,48.0,17.5
2025-05-08 15:00:00,48.0,17.5
2025-05-08 16:00:00,48.0,17.47
2025-05-08 17:00:00,48.0,17.42
2025-05-08 18:00:00,48.0,17.4
2025-05-08 19:00:00,48.0,17.4
2025-05-08 20:00:00,48.0,17.35
2025-05-08 21:00:00,48.0,17.3
2025-05-08 22:00:00,48.0,17.3
2025-05-08 23:00:00,48.0,17.2
2025-05-09 00:00:00,48.0,17.2
2025-05-09 01:00:00,48.0,17.1
2025-05-09 02:00:00,48.0,17.1
2025-05-09 03:00:00,48.0,17.0
2025-05-09 04:00:00,48.0,16.98
2025-05-09 05:00:00,48.0,16.9
2025-05-09 06:00:00,47.8,16.9
2025-05-09 07:00:00,47.0,17.12
2025-05-09 08:00:00,45.5,18.32
2025-05-09 09:00:00,44.3,19.23
2025-05-09 10:00:00,45.3,18.9
2025-05-09 11:00:00,46.0,18.7
2025-05-09 12:00:00,46.0,18.62
2025-05-09 13:00:00,46.5,18.67
2025-05-09 14:00:00,47.0,18.7
2025-05-09 15:00:00,47.0,18.7
2025-05-09 16:00:00,47.0,18.73
2025-05-09 17:00:00,47.0,18.8
2025-05-09 18:00:00,47.0,18.8
2025-05-09 19:00:00,47.0,18.8
2025-05-09 20:00:00,47.0,18.8
2025-05-09 21:00:00,47.0,18.87
2025-05-09 22:00:00,47.0,18.9
2025-05-09 23:00:00,47.0,18.9
2025-05-10 00:00:00,46.5,18.9
2025-05-10 01:00:00,46.0,18.83
2025-05-10 02:00:00,46.0,18.8
2025-05-10 03:00:00,45.5,18.77
2025-05-10 04:00:00,45.0,18.7
2025-05-10 05:00:00,45.0,18.73
2025-05-10 06:00:00,45.0,18.82
2025-05-10 09:00:00,43.5,19.3
2025-05-10 10:00:00,44.0,19.32
2025-05-10 11:00:00,44.3,19.4
2025-05-10 13:00:00,45.0,19.65
2025-05-10 17:00:00,45.0,20.0
2025-05-10 18:00:00,46.0,19.97
2025-05-10 19:00:00,46.0,19.9
2025-05-10 20:00:00,46.0,19.8
2025-05-10 21:00:00,46.0,19.72
2025-05-10 22:00:00,46.0,19.63
2025-05-10 23:00:00,46.0,19.6
2025-05-11 00:00:00,46.0,19.6
2025-05-11 01:00:00,46.0,19.6
2025-05-11 02:00:00,46.0,19.68
2025-05-11 03:00:00,46.0,19.7
2025-05-11 04:00:00,45.5,19.7
2025-05-11 05:00:00,45.0,19.7
2025-05-11 06:00:00,45.0,19.83
2025-05-11 07:00:00,44.7,19.77
2025-05-11 08:00:00,45.0,19.9
2025-05-11 09:00:00,46.3,20.22
2025-05-11 10:00:00,46.0,20.38
2025-05-11 11:00:00,46.0,20.48
2025-05-11 12:00:00,46.0,20.58
2025-05-11 13:00:00,46.8,20.68
2025-05-11 14:00:00,48.8,20.87
2025-05-11 15:00:00,48.7,21.0
2025-05-11 16:00:00,52.8,21.27
2025-05-11 17:00:00,49.3,21.23
2025-05-11 18:00:00,49.0,21.13
2025-05-11 19:00:00,49.0,21.05
2025-05-11 20:00:00,48.5,21.0
2025-05-11 21:00:00,48.0,20.92
2025-05-11 22:00:00,47.5,20.88
2025-05-11 23:00:00,47.0,20.8
2025-05-12 00:00:00,47.0,20.65
2025-05-12 01:00:00,46.3,20.58
2025-05-12 02:00:00,46.0,20.48
2025-05-12 03:00:00,46.0,20.43
2025-05-12 04:00:00,46.0,20.5
2025-05-12 05:00:00,46.0,20.5
2025-05-12 06:00:00,46.8,20.43
2025-05-12 07:00:00,47.0,20.4
2025-05-12 08:00:00,47.0,20.48
2025-05-12 09:00:00,47.0,20.5
2025-05-12 10:00:00,47.0,20.5
2025-05-12 11:00:00,47.0,20.5
2025-05-12 12:00:00,47.0,20.5
2025-05-12 13:00:00,47.0,20.53
2025-05-12 14:00:00,47.0,20.6
2025-05-12 15:00:00,47.0,20.6
2025-05-12 16:00:00,47.5,20.55
2025-05-12 17:00:00,48.3,20.5
2025-05-12 18:00:00,49.0,20.45
2025-05-12 19:00:00,49.0,20.4
2025-05-12 20:00:00,48.2,20.4
2025-05-12 21:00:00,48.0,20.4
2025-05-12 22:00:00,48.0,20.4
2025-05-12 23:00:00,48.0,20.37
2025-05-13 00:00:00,48.0,20.3
2025-05-13 01:00:00,48.0,20.3
2025-05-13 02:00:00,48.0,20.2
2025-05-13 03:00:00,48.0,20.2
2025-05-13 04:00:00,48.0,20.12
2025-05-13 05:00:00,48.0,20.1
2025-05-13 06:00:00,48.0,20.1
2025-05-13 07:00:00,48.2,20.1
2025-05-13 08:00:00,49.0,20.1
2025-05-13 10:00:00,49.0,20.1
2025-05-13 11:00:00,49.0,20.13
2025-05-13 12:00:00,49.0,20.2
2025-05-13 13:00:00,49.0,20.2
2025-05-13 14:00:00,49.0,20.2
2025-05-13 15:00:00,49.0,20.2
2025-05-13 16:00:00,49.0,20.2
2025-05-13 17:00:00,49.0,20.2
2025-05-13 18:00:00,49.0,20.2
2025-05-13 19:00:00,49.0,20.15
2025-05-13 20:00:00,49.0,20.1
2025-05-13 21:00:00,49.0,20.1
2025-05-13 23:00:00,49.0,20.0
2025-05-14 00:00:00,49.0,19.95
2025-05-14 01:00:00,48.5,19.9
2025-05-14 02:00:00,48.0,19.83
2025-05-14 03:00:00,48.0,19.78
2025-05-14 04:00:00,48.0,19.7
2025-05-14 05:00:00,48.0,19.65
2025-05-14 06:00:00,48.0,19.6
2025-05-14 07:00:00,47.7,19.65
2025-05-14 08:00:00,47.0,19.7
2025-05-14 09:00:00,47.0,19.7
2025-05-14 10:00:00,47.0,19.7
2025-05-14 11:00:00,47.0,19.7
2025-05-14 12:00:00,47.0,19.7
2025-05-14 14:00:00,47.0,19.7
2025-05-14 15:00:00,47.0,19.78
2025-05-14 16:00:00,47.0,19.8
2025-05-14 17:00:00,47.0,19.8
2025-05-14 18:00:00,47.0,19.8
2025-05-14 19:00:00,48.0,19.8
2025-05-14 20:00:00,48.0,19.8
2025-05-14 21:00:00,48.0,19.8
2025-05-14 22:00:00,48.0,19.8
2025-05-14 23:00:00,48.0,19.8
2025-05-15 00:00:00,48.0,19.7
2025-05-15 01:00:00,48.0,19.7
2025-05-15 02:00:00,47.2,19.7
2025-05-15 06:00:00,47.0,19.6
2025-05-15 07:00:00,47.0,19.65
2025-05-15 10:00:00,47.0,19.73
2025-05-15 11:00:00,47.0,19.78
2025-05-15 12:00:00,47.0,19.77
2025-05-15 13:00:00,47.0,19.73
2025-05-15 14:00:00,47.0,19.7
2025-05-15 15:00:00,47.0,19.75
2025-05-15 16:00:00,47.0,19.85
2025-05-15 17:00:00,47.0,19.88
2025-05-15 18:00:00,47.0,19.87
2025-05-15 19:00:00,46.2,19.8
2025-05-15 21:00:00,46.0,19.78
2025-05-15 22:00:00,45.2,19.7
2025-05-15 23:00:00,45.0,19.7
2025-05-16 00:00:00,44.0,19.6
2025-05-16 01:00:00,44.0,19.52
2025-05-16 02:00:00,43.2,19.48
2025-05-16 03:00:00,43.0,19.4
2025-05-16 04:00:00,42.3,19.32
2025-05-16 06:00:00,42.3,19.3
2025-05-16 07:00:00,43.0,19.3
2025-05-16 08:00:00,42.0,19.38
2025-05-16 09:00:00,40.7,19.4
2025-05-16 10:00:00,41.0,19.33
2025-05-16 11:00:00,41.0,19.42
2025-05-16 12:00:00,41.2,19.5
2025-05-16 13:00:00,41.0,19.5
2025-05-16 14:00:00,41.3,19.57
2025-05-16 15:00:00,42.0,19.6
2025-05-16 16:00:00,42.0,19.6
2025-05-16 17:00:00,42.0,19.62
2025-05-16 18:00:00,42.0,19.6
2025-05-16 19:00:00,42.0,19.6
2025-05-16 20:00:00,42.0,19.6
2025-05-16 21:00:00,42.0,19.6
2025-05-16 22:00:00,42.0,19.6
2025-05-16 23:00:00,42.0,19.65
2025-05-17 00:00:00,42.0,19.7
2025-05-17 01:00:00,42.0,19.73
2025-05-17 02:00:00,42.0,19.8
2025-05-17 03:00:00,42.0,19.82
2025-05-17 04:00:00,42.0,19.9
2025-05-17 05:00:00,42.0,19.9
2025-05-17 06:00:00,42.8,20.0
2025-05-17 07:00:00,43.0,20.15
2025-05-17 08:00:00,43.0,20.28
2025-05-17 09:00:00,43.0,20.38
2025-05-17 10:00:00,43.0,20.48
2025-05-17 11:00:00,43.0,20.5
2025-05-17 12:00:00,43.0,20.6
2025-05-17 13:00:00,42.7,20.57
2025-05-17 14:00:00,42.2,20.6
2025-05-17 15:00:00,42.0,20.6
2025-05-17 16:00:00,42.0,20.6
2025-05-17 17:00:00,42.0,20.6
2025-05-17 18:00:00,42.0,20.6
2025-05-17 19:00:00,42.0,20.6
2025-05-17 20:00:00,42.0,20.5
2025-05-17 21:00:00,42.0,20.5
2025-05-17 22:00:00,42.0,20.5
2025-05-17 23:00:00,42.0,20.5
2025-05-18 00:00:00,42.0,20.5
2025-05-18 01:00:00,43.0,20.55
2025-05-18 02:00:00,43.0,20.6
2025-05-18 03:00:00,43.0,20.6
2025-05-18 04:00:00,43.0,20.6
2025-05-18 05:00:00,43.0,20.62
2025-05-18 06:00:00,42.3,20.77
2025-05-18 07:00:00,42.5,20.8
2025-05-18 08:00:00,42.5,21.03
2025-05-18 09:00:00,42.5,21.35
2025-05-18 10:00:00,42.0,21.5
2025-05-18 11:00:00,42.0,21.58
2025-05-18 12:00:00,42.0,21.6
2025-05-18 13:00:00,42.0,21.6
2025-05-18 14:00:00,42.0,21.6
2025-05-18 15:00:00,42.0,21.6
2025-05-18 16:00:00,42.0,21.65
2025-05-18 17:00:00,42.0,21.7
2025-05-18 18:00:00,42.0,21.7
2025-05-18 20:00:00,42.0,21.67
2025-05-18 21:00:00,42.0,21.5
2025-05-18 22:00:00,42.0,21.38
2025-05-18 23:00:00,42.0,21.28
2025-05-19 00:00:00,42.0,21.17
2025-05-19 01:00:00,42.0,21.08
2025-05-19 02:00:00,42.0,21.0
2025-05-19 03:00:00,42.0,20.9
2025-05-19 04:00:00,42.0,20.83
2025-05-19 05:00:00,42.0,20.8
2025-05-19 06:00:00,42.0,20.8
2025-05-19 07:00:00,42.0,20.8
2025-05-19 08:00:00,42.0,20.8
2025-05-19 09:00:00,42.0,20.8
2025-05-19 10:00:00,42.0,20.87
2025-05-19 11:00:00,42.0,20.9
2025-05-19 12:00:00,42.7,20.9
2025-05-19 13:00:00,43.0,20.9
2025-05-19 14:00:00,43.0,20.98
2025-05-19 15:00:00,43.0,21.0
2025-05-19 16:00:00,43.0,21.0
2025-05-19 17:00:00,43.0,21.0
2025-05-19 18:00:00,43.0,21.0
2025-05-19 19:00:00,43.0,21.0
2025-05-19 20:00:00,43.0,21.0
2025-05-19 21:00:00,43.8,21.0
2025-05-19 22:00:00,44.0,20.98
2025-05-19 23:00:00,44.0,20.9
2025-05-20 00:00:00,44.0,20.9
2025-05-20 01:00:00,44.0,20.9
2025-05-20 02:00:00,44.0,20.9
2025-05-20 03:00:00,44.0,20.9
2025-05-20 04:00:00,44.8,20.88
2025-05-20 05:00:00,45.0,20.87
2025-05-20 06:00:00,45.0,20.85
2025-05-20 07:00:00,45.0,20.9
2025-05-20 08:00:00,45.0,20.9
2025-05-20 09:00:00,45.0,20.9
2025-05-20 10:00:00,45.0,20.9
2025-05-20 11:00:00,45.0,20.95
2025-05-20 12:00:00,45.5,21.0
2025-05-20 14:00:00,46.0,21.07
2025-05-20 15:00:00,46.0,21.1
2025-05-20 16:00:00,46.5,21.05
2025-05-20 17:00:00,47.0,21.1
2025-05-20 19:00:00,48.0,21.1
2025-05-20 20:00:00,48.0,21.1
2025-05-20 21:00:00,48.0,21.1
2025-05-20 22:00:00,49.0,21.1
2025-05-20 23:00:00,49.0,21.08
2025-05-21 00:00:00,49.0,21.02
2025-05-21 01:00:00,49.0,21.0
2025-05-21 02:00:00,49.0,21.0
2025-05-21 03:00:00,49.0,20.95
2025-05-21 04:00:00,49.0,20.92
2025-05-21 05:00:00,49.0,20.9
2025-05-21 06:00:00,49.0,20.9
2025-05-21 07:00:00,49.5,20.9
2025-05-21 09:00:00,50.0,20.9
2025-05-21 10:00:00,50.0,20.9
2025-05-21 11:00:00,50.2,20.9
2025-05-21 12:00:00,50.5,20.9
2025-05-21 13:00:00,50.0,20.9
2025-05-21 14:00:00,50.0,20.9
2025-05-21 15:00:00,50.0,20.85
2025-05-21 16:00:00,50.0,20.8
2025-05-21 17:00:00,50.2,20.8
2025-05-21 18:00:00,50.3,20.8
2025-05-21 20:00:00,50.0,20.68
2025-05-21 21:00:00,50.2,20.6
2025-05-21 22:00:00,50.0,20.6
2025-05-22 00:00:00,50.0,20.5
2025-05-22 01:00:00,50.0,20.43
2025-05-22 02:00:00,50.0,20.38
2025-05-22 03:00:00,49.5,20.3
2025-05-22 04:00:00,49.7,20.27
2025-05-22 05:00:00,49.8,20.2
2025-05-22 06:00:00,50.0,20.13
2025-05-22 07:00:00,50.0,20.1
2025-05-22 08:00:00,50.0,20.03
2025-05-22 09:00:00,50.0,20.0
2025-05-22 10:00:00,50.0,19.98
2025-05-22 11:00:00,50.0,19.93
2025-05-22 12:00:00,50.0,19.9
2025-05-22 13:00:00,50.0,19.87
2025-05-22 15:00:00,50.0,19.8
2025-05-22 16:00:00,50.0,19.8
2025-05-22 17:00:00,50.0,19.78
2025-05-22 18:00:00,50.7,19.8
2025-05-22 19:00:00,51.0,19.8
2025-05-22 20:00:00,51.0,19.8
2025-05-22 21:00:00,51.0,19.8
2025-05-22 22:00:00,50.5,19.87
2025-05-22 23:00:00,50.0,19.9
2025-05-23 00:00:00,50.0,19.9
2025-05-23 02:00:00,50.0,19.93
2025-05-23 03:00:00,50.0,20.0
2025-05-23 04:00:00,49.8,20.0
2025-05-23 05:00:00,49.3,20.0
2025-05-23 06:00:00,49.0,20.0
2025-05-23 07:00:00,49.0,20.0
2025-05-23 08:00:00,49.0,20.03
2025-05-23 09:00:00,49.0,20.13
2025-05-23 10:00:00,48.3,20.27
2025-05-23 11:00:00,48.0,20.43
2025-05-23 12:00:00,47.5,20.6
2025-05-23 13:00:00,45.7,20.7
2025-05-23 14:00:00,46.0,20.6
2025-05-23 15:00:00,46.0,20.6
2025-05-23 16:00:00,46.0,20.57
2025-05-23 18:00:00,46.0,20.6
2025-05-23 19:00:00,46.0,20.6
2025-05-23 20:00:00,45.8,20.6
2025-05-23 21:00:00,45.0,20.52
2025-05-23 22:00:00,45.0,20.5
2025-05-23 23:00:00,44.8,20.5
2025-05-24 00:00:00,44.3,20.5
2025-05-24 01:00:00,44.0,20.5
2025-05-24 02:00:00,43.8,20.45
2025-05-24 03:00:00,43.0,20.4
2025-05-24 04:00:00,43.0,20.4
2025-05-24 05:00:00,43.0,20.4
2025-05-24 06:00:00,43.0,20.47
2025-05-24 07:00:00,42.7,20.57
2025-05-24 08:00:00,39.2,20.52
2025-05-24 09:00:00,36.8,20.47
2025-05-24 10:00:00,36.3,20.4
2025-05-24 11:00:00,36.3,20.4
2025-05-24 12:00:00,37.2,20.47
2025-05-24 13:00:00,38.3,20.5
2025-05-24 14:00:00,39.5,20.52
2025-05-24 15:00:00,40.2,20.57
2025-05-24 16:00:00,41.0,20.6
2025-05-24 17:00:00,41.0,20.6
2025-05-24 18:00:00,41.0,20.67
2025-05-24 19:00:00,41.0,20.65
2025-05-24 20:00:00,41.0,20.65
2025-05-24 21:00:00,41.0,20.7
2025-05-24 22:00:00,41.2,20.77
2025-05-24 23:00:00,42.0,20.8
2025-05-25 00:00:00,42.0,20.8
2025-05-25 01:00:00,42.5,20.9
2025-05-25 02:00:00,43.0,20.9
2025-05-25 03:00:00,43.0,20.98
2025-05-25 04:00:00,43.0,21.0
2025-05-25 05:00:00,43.0,21.0
2025-05-25 06:00:00,43.8,21.03
2025-05-25 07:00:00,43.3,21.12
2025-05-25 08:00:00,44.2,21.25
2025-05-25 09:00:00,44.5,21.48
2025-05-25 10:00:00,44.2,21.6
2025-05-25 11:00:00,45.0,21.6
2025-05-25 12:00:00,45.0,21.63
2025-05-25 13:00:00,45.0,21.7
2025-05-25 14:00:00,45.0,21.7
2025-05-25 16:00:00,45.0,21.67
2025-05-25 17:00:00,45.0,21.6
2025-05-25 18:00:00,45.2,21.6
2025-05-25 19:00:00,46.0,21.6
2025-05-25 20:00:00,46.0,21.5
2025-05-25 21:00:00,46.0,21.47
2025-05-25 22:00:00,46.0,21.4
2025-05-25 23:00:00,46.0,21.33
2025-05-26 00:00:00,46.0,21.28
2025-05-26 01:00:00,46.0,21.2
2025-05-26 02:00:00,46.0,21.15
2025-05-26 03:00:00,46.0,21.1
2025-05-26 04:00:00,46.5,21.0
2025-05-26 05:00:00,47.0,20.97
2025-05-26 06:00:00,47.0,20.9
2025-05-26 07:00:00,47.0,20.9
2025-05-26 08:00:00,47.0,20.82
2025-05-26 09:00:00,48.0,20.8
2025-05-26 10:00:00,48.0,20.8
2025-05-26 11:00:00,48.0,20.75
2025-05-26 12:00:00,48.7,20.7
2025-05-26 13:00:00,49.0,20.7
2025-05-26 14:00:00,48.7,20.68
2025-05-26 15:00:00,48.0,20.6
2025-05-26 17:00:00,48.2,20.6
2025-05-26 18:00:00,49.0,20.6
2025-05-26 19:00:00,49.0,20.6
2025-05-26 20:00:00,49.0,20.57
2025-05-26 21:00:00,49.0,20.5
2025-05-26 23:00:00,49.0,20.4
2025-05-27 00:00:00,49.0,20.32
2025-05-27 01:00:00,49.0,20.28
2025-05-27 02:00:00,49.0,20.2
2025-05-27 03:00:00,49.0,20.17
2025-05-27 04:00:00,49.0,20.1
2025-05-27 05:00:00,49.0,20.08
2025-05-27 06:00:00,49.0,20.0
2025-05-27 07:00:00,49.0,20.0
2025-05-27 08:00:00,49.0,19.97
2025-05-27 09:00:00,49.0,19.93
2025-05-27 10:00:00,49.0,20.0
2025-05-27 11:00:00,49.0,20.0
2025-05-27 12:00:00,48.3,20.12
2025-05-27 13:00:00,48.0,20.17
2025-05-27 14:00:00,48.8,20.1
2025-05-27 15:00:00,49.0,20.05
2025-05-27 16:00:00,49.0,20.0
2025-05-27 17:00:00,49.3,20.05
2025-05-27 18:00:00,49.5,20.1
2025-05-27 19:00:00,49.0,20.05
2025-05-27 20:00:00,49.0,20.0
2025-05-27 21:00:00,49.0,20.0
2025-05-27 22:00:00,49.0,19.93
2025-05-27 23:00:00,49.0,19.9
2025-05-28 00:00:00,49.0,19.88
2025-05-28 01:00:00,49.0,19.8
2025-05-28 02:00:00,49.0,19.8
2025-05-28 03:00:00,49.0,19.72
2025-05-28 04:00:00,49.0,19.7
2025-05-28 05:00:00,49.0,19.7
2025-05-28 06:00:00,49.0,19.7
2025-05-28 07:00:00,49.7,19.7
2025-05-28 08:00:00,50.0,19.67
2025-05-28 10:00:00,50.0,19.67
2025-05-28 11:00:00,50.5,19.7
2025-05-28 12:00:00,51.0,19.7
2025-05-28 13:00:00,51.3,19.7
2025-05-28 14:00:00,52.3,19.7
2025-05-28 15:00:00,53.7,19.7
2025-05-28 16:00:00,54.0,19.7
2025-05-28 17:00:00,53.2,19.7
2025-05-28 18:00:00,53.0,19.7
2025-05-28 19:00:00,53.0,19.7
2025-05-28 20:00:00,53.0,19.67
2025-05-28 21:00:00,53.0,19.6
2025-05-28 22:00:00,53.0,19.6
2025-05-29 00:00:00,53.0,19.5
2025-05-29 01:00:00,53.0,19.45
2025-05-29 03:00:00,53.0,19.37
2025-05-29 04:00:00,53.0,19.3
2025-05-29 05:00:00,53.0,19.3
2025-05-29 06:00:00,53.0,19.3
2025-05-29 07:00:00,53.0,19.3
2025-05-29 08:00:00,53.0,19.3
2025-05-29 09:00:00,53.0,19.3
2025-05-29 10:00:00,53.0,19.3
2025-05-29 11:00:00,53.0,19.3
2025-05-29 12:00:00,53.0,19.3
2025-05-29 13:00:00,53.0,19.3
2025-05-29 14:00:00,53.0,19.3
2025-05-29 15:00:00,52.8,19.3
2025-05-29 16:00:00,52.5,19.38
2025-05-29 17:00:00,53.0,19.43
2025-05-29 18:00:00,53.0,19.47
2025-05-29 19:00:00,53.0,19.5
2025-05-29 20:00:00,53.0,19.5
2025-05-29 21:00:00,53.0,19.47
2025-05-29 22:00:00,53.0,19.45
2025-05-29 23:00:00,53.0,19.42
2025-05-30 00:00:00,53.0,19.4
2025-05-30 01:00:00,53.0,19.4
2025-05-30 02:00:00,53.0,19.4
2025-05-30 04:00:00,53.0,19.5
2025-05-30 05:00:00,53.0,19.58
2025-05-30 06:00:00,53.7,19.68
2025-05-30 07:00:00,54.0,19.83
2025-05-30 08:00:00,54.0,19.97
2025-05-30 09:00:00,54.0,20.12
2025-05-30 10:00:00,54.0,20.22
2025-05-30 11:00:00,53.2,20.3
2025-05-30 12:00:00,53.0,20.38
2025-05-30 13:00:00,53.0,20.42
2025-05-30 14:00:00,53.0,20.5
2025-05-30 15:00:00,53.0,20.52
2025-05-30 16:00:00,53.0,20.6
2025-05-30 17:00:00,53.0,20.63
2025-05-30 18:00:00,53.0,20.7
2025-05-30 19:00:00,53.0,20.75
2025-05-30 20:00:00,53.0,20.8
2025-05-30 21:00:00,53.0,20.73
2025-05-30 22:00:00,53.0,20.7
2025-05-31 00:00:00,54.0,20.7
2025-05-31 01:00:00,54.0,20.7
2025-05-31 02:00:00,54.0,20.7
2025-05-31 03:00:00,54.0,20.7
2025-05-31 04:00:00,54.0,20.7
2025-05-31 05:00:00,53.5,20.7
2025-05-31 06:00:00,53.0,20.78
2025-05-31 07:00:00,53.0,20.85
2025-05-31 08:00:00,53.0,20.9
2025-05-31 09:00:00,53.0,21.0
2025-05-31 10:00:00,53.0,21.0
2025-05-31 11:00:00,53.0,21.1
2025-05-31 12:00:00,53.0,21.13
2025-05-31 13:00:00,53.0,21.2
2025-05-31 14:00:00,53.0,21.25
2025-05-31 15:00:00,53.0,21.3
2025-05-31 16:00:00,53.0,21.37
2025-05-31 17:00:00,53.7,21.43
2025-05-31 18:00:00,54.0,21.5
2025-05-31 19:00:00,54.0,21.58
2025-05-31 20:00:00,54.0,21.6
2025-05-31 21:00:00,54.0,21.57
2025-05-31 22:00:00,54.0,21.52
2025-05-31 23:00:00,54.2,21.6
2025-06-01 00:00:00,55.0,21.6
2025-06-01 01:00:00,55.0,21.6
2025-06-01 02:00:00,55.0,21.63
2025-06-01 03:00:00,55.3,21.7
2025-06-01 04:00:00,56.0,21.7
2025-06-01 05:00:00,56.0,21.7
2025-06-01 06:00:00,56.0,21.73
2025-06-01 07:00:00,55.3,21.8
2025-06-01 08:00:00,55.0,21.82
2025-06-01 09:00:00,55.0,21.9
2025-06-01 10:00:00,54.5,21.9
2025-06-01 11:00:00,54.2,22.0
2025-06-01 12:00:00,54.7,22.0
2025-06-01 13:00:00,55.3,22.0
2025-06-01 14:00:00,55.3,22.08
2025-06-01 15:00:00,55.0,22.13
2025-06-01 16:00:00,54.3,22.2
2025-06-01 18:00:00,57.0,22.2
2025-06-01 19:00:00,57.2,22.2
2025-06-01 20:00:00,58.0,22.27
2025-06-01 21:00:00,58.0,22.27
2025-06-01 22:00:00,58.0,22.23
2025-06-01 23:00:00,57.0,22.2
2025-06-02 00:00:00,57.2,22.2
2025-06-02 01:00:00,57.0,22.2
2025-06-02 03:00:00,57.0,22.2
2025-06-02 04:00:00,57.5,22.2
2025-06-02 06:00:00,57.0,22.2
2025-06-02 07:00:00,57.0,22.2
2025-06-02 08:00:00,57.0,22.2
2025-06-02 09:00:00,57.3,22.2
2025-06-02 10:00:00,58.0,22.2
2025-06-02 11:00:00,58.0,22.22
2025-06-02 12:00:00,58.0,22.28
2025-06-02 13:00:00,58.0,22.3
2025-06-02 14:00:00,58.3,22.3
2025-06-02 15:00:00,59.0,22.3
2025-06-02 16:00:00,59.0,22.3
2025-06-02 17:00:00,58.7,22.3
2025-06-02 18:00:00,58.0,22.3
2025-06-02 19:00:00,58.0,22.35
2025-06-02 20:00:00,58.0,22.3
2025-06-02 21:00:00,58.0,22.3
2025-06-02 22:00:00,58.0,22.25
2025-06-02 23:00:00,58.0,22.2
2025-06-03 00:00:00,58.0,22.2
2025-06-03 01:00:00,58.0,22.13
2025-06-03 02:00:00,58.0,22.1
2025-06-03 03:00:00,58.0,22.1
2025-06-03 04:00:00,58.0,22.1
2025-06-03 05:00:00,58.0,22.07
2025-06-03 06:00:00,58.0,22.0
2025-06-03 07:00:00,57.2,22.0
2025-06-03 08:00:00,57.2,22.1
2025-06-03 09:00:00,57.0,22.22
2025-06-03 10:00:00,57.8,22.33
2025-06-03 11:00:00,58.0,22.3
2025-06-03 12:00:00,58.2,22.3
2025-06-03 14:00:00,59.5,22.2
2025-06-03 15:00:00,59.7,22.15
2025-06-03 16:00:00,59.0,22.1
2025-06-03 17:00:00,58.7,22.1
2025-06-03 18:00:00,58.0,22.1
2025-06-03 19:00:00,58.0,22.1
2025-06-03 21:00:00,58.0,22.03
2025-06-03 22:00:00,58.0,22.0
2025-06-04 00:00:00,58.0,21.98
2025-06-04 01:00:00,58.0,21.9
2025-06-04 02:00:00,57.8,21.9
2025-06-04 03:00:00,57.2,21.87
2025-06-04 04:00:00,57.0,21.8
2025-06-04 05:00:00,57.0,21.8
2025-06-04 06:00:00,57.0,21.8
2025-06-04 08:00:00,57.0,21.8
2025-06-04 09:00:00,58.0,21.83
2025-06-04 10:00:00,58.0,21.9
2025-06-04 12:00:00,59.0,22.0
2025-06-04 13:00:00,59.0,22.0
2025-06-04 16:00:00,59.0,21.82
2025-06-04 17:00:00,59.0,21.8
2025-06-04 18:00:00,58.5,21.8
2025-06-04 19:00:00,58.0,21.8
2025-06-04 20:00:00,58.0,21.73
2025-06-04 21:00:00,58.0,21.7
2025-06-04 22:00:00,58.0,21.68
2025-06-04 23:00:00,57.5,21.6
2025-06-05 00:00:00,57.3,21.6
2025-06-05 01:00:00,57.0,21.6
2025-06-05 02:00:00,57.0,21.6
2025-06-05 03:00:00,57.0,21.5
2025-06-05 04:00:00,57.0,21.5
2025-06-05 05:00:00,57.0,21.5
2025-06-05 06:00:00,57.0,21.5
2025-06-05 07:00:00,57.0,21.5
2025-06-05 08:00:00,57.0,21.5
2025-06-05 09:00:00,57.0,21.5
2025-06-05 10:00:00,57.0,21.48
2025-06-05 11:00:00,57.0,21.4
2025-06-05 12:00:00,57.0,21.4
2025-06-05 13:00:00,57.0,21.47
2025-06-05 15:00:00,57.0,21.5
2025-06-05 16:00:00,57.5,21.47
2025-06-05 17:00:00,57.7,21.43
2025-06-05 18:00:00,58.0,21.42
2025-06-05 19:00:00,58.0,21.4
2025-06-05 20:00:00,58.0,21.4
2025-06-05 21:00:00,58.0,21.4
2025-06-05 22:00:00,58.0,21.4
2025-06-06 00:00:00,58.0,21.3
2025-06-06 01:00:00,58.0,21.3
2025-06-06 02:00:00,58.0,21.3
2025-06-06 03:00:00,58.0,21.27
2025-06-06 04:00:00,58.0,21.2
2025-06-06 05:00:00,58.0,21.2
2025-06-06 06:00:00,58.0,21.2
2025-06-06 07:00:00,58.0,21.2
2025-06-06 08:00:00,58.0,21.2
2025-06-06 09:00:00,58.2,21.2
2025-06-06 10:00:00,58.8,21.2
2025-06-06 11:00:00,59.0,21.18
2025-06-06 13:00:00,58.0,21.2
2025-06-06 14:00:00,58.8,21.2
2025-06-06 15:00:00,58.2,21.22
2025-06-06 16:00:00,58.0,21.35
2025-06-06 17:00:00,58.0,21.4
2025-06-06 18:00:00,58.7,21.4
2025-06-06 19:00:00,59.2,21.38
2025-06-06 20:00:00,59.5,21.4
2025-06-06 21:00:00,60.0,21.4
2025-06-06 22:00:00,60.0,21.4
2025-06-06 23:00:00,60.0,21.4
2025-06-07 00:00:00,60.0,21.4
2025-06-07 01:00:00,60.0,21.4
2025-06-07 02:00:00,60.0,21.4
2025-06-07 03:00:00,60.5,21.37
2025-06-07 04:00:00,60.0,21.3
2025-06-07 05:00:00,60.0,21.3
2025-06-07 06:00:00,60.0,21.3
2025-06-07 07:00:00,60.0,21.3
2025-06-07 08:00:00,60.0,21.3
2025-06-07 09:00:00,60.0,21.3
2025-06-07 10:00:00,60.0,21.3
2025-06-07 11:00:00,60.5,21.3
2025-06-07 12:00:00,60.0,21.3
2025-06-07 13:00:00,60.0,21.25
2025-06-07 14:00:00,60.0,21.27
2025-06-07 15:00:00,60.0,21.2
2025-06-07 16:00:00,60.0,21.2
2025-06-07 17:00:00,60.0,21.2
2025-06-07 18:00:00,60.0,21.2
2025-06-07 19:00:00,60.0,21.2
2025-06-07 20:00:00,60.0,21.12
2025-06-07 21:00:00,60.0,21.1
2025-06-07 22:00:00,60.0,21.1
2025-06-08 00:00:00,59.5,21.0
2025-06-08 02:00:00,59.0,20.92
2025-06-08 03:00:00,59.0,20.9
2025-06-08 04:00:00,59.0,20.83
2025-06-08 06:00:00,58.0,20.72
2025-06-08 07:00:00,58.0,20.7
2025-06-08 08:00:00,57.8,20.7
2025-06-08 09:00:00,56.7,20.58
2025-06-08 10:00:00,55.3,20.47
2025-06-08 11:00:00,56.0,20.43
2025-06-08 12:00:00,56.2,20.42
2025-06-08 15:00:00,56.0,20.4
2025-06-08 16:00:00,55.8,20.4
2025-06-08 17:00:00,55.7,20.4
2025-06-08 18:00:00,55.2,20.4
2025-06-08 19:00:00,55.7,20.43
2025-06-08 20:00:00,55.0,20.45
2025-06-08 21:00:00,55.0,20.4
2025-06-08 23:00:00,55.0,20.4
2025-06-09 00:00:00,54.3,20.3
2025-06-09 01:00:00,54.0,20.3
2025-06-09 03:00:00,54.0,20.2
2025-06-09 04:00:00,54.0,20.17
2025-06-09 05:00:00,54.0,20.1
2025-06-09 06:00:00,54.0,20.1
2025-06-09 07:00:00,54.0,20.18
2025-06-09 08:00:00,54.0,20.2
2025-06-09 09:00:00,54.0,20.2
2025-06-09 11:00:00,54.0,20.3
2025-06-09 12:00:00,54.0,20.3
2025-06-09 13:00:00,54.0,20.3
2025-06-09 14:00:00,54.8,20.33
2025-06-09 15:00:00,55.0,20.4
2025-06-09 16:00:00,55.0,20.4
2025-06-09 17:00:00,55.0,20.4
2025-06-09 18:00:00,55.0,20.42
2025-06-09 19:00:00,55.0,20.42
2025-06-09 20:00:00,55.0,20.43
2025-06-09 21:00:00,55.0,20.4
2025-06-09 22:00:00,55.0,20.4
2025-06-09 23:00:00,55.0,20.4
2025-06-10 00:00:00,54.3,20.33
2025-06-10 01:00:00,54.0,20.3
2025-06-10 02:00:00,54.0,20.27
2025-06-10 03:00:00,54.0,20.2
2025-06-10 04:00:00,53.0,20.17
2025-06-10 05:00:00,53.3,20.12
2025-06-10 06:00:00,54.0,20.2
2025-06-10 08:00:00,54.0,20.3
2025-06-10 09:00:00,54.0,20.35
2025-06-10 10:00:00,54.0,20.4
2025-06-10 11:00:00,54.0,20.42
2025-06-10 12:00:00,54.2,20.5
2025-06-10 13:00:00,55.0,20.52
2025-06-10 14:00:00,55.0,20.6
2025-06-10 15:00:00,55.0,20.6
2025-06-10 16:00:00,55.0,20.6
2025-06-10 17:00:00,55.0,20.68
2025-06-10 18:00:00,55.0,20.7
2025-06-10 19:00:00,55.5,20.7
2025-06-10 20:00:00,56.0,20.7
2025-06-10 21:00:00,55.2,20.7
2025-06-10 22:00:00,55.0,20.7
2025-06-10 23:00:00,55.0,20.7
2025-06-11 00:00:00,55.0,20.7
2025-06-11 01:00:00,55.0,20.7
2025-06-11 02:00:00,55.0,20.63
2025-06-11 03:00:00,55.0,20.6
2025-06-11 04:00:00,55.0,20.6
2025-06-11 05:00:00,55.0,20.6
2025-06-11 06:00:00,55.0,20.62
2025-06-11 07:00:00,55.0,20.7
2025-06-11 08:00:00,55.0,20.73
2025-06-11 09:00:00,55.0,20.8
2025-06-11 10:00:00,55.3,20.87
2025-06-11 11:00:00,56.0,20.9
2025-06-11 12:00:00,56.0,20.9
2025-06-11 13:00:00,56.0,21.0
2025-06-11 14:00:00,56.0,21.0
2025-06-11 15:00:00,56.0,21.1
2025-06-11 16:00:00,56.0,21.1
2025-06-11 17:00:00,56.0,21.2
2025-06-11 18:00:00,56.0,21.3
2025-06-11 19:00:00,56.0,21.3
2025-06-11 20:00:00,56.0,21.3
2025-06-11 21:00:00,56.0,21.3
2025-06-11 22:00:00,56.0,21.3
2025-06-11 23:00:00,56.0,21.3
2025-06-12 00:00:00,56.0,21.3
2025-06-12 01:00:00,56.0,21.3
2025-06-12 02:00:00,56.0,21.3
2025-06-12 03:00:00,55.7,21.22
2025-06-12 04:00:00,55.0,21.2
2025-06-12 05:00:00,55.0,21.2
2025-06-12 06:00:00,55.0,21.22
2025-06-12 07:00:00,55.0,21.3
2025-06-12 08:00:00,55.0,21.38
2025-06-12 09:00:00,56.0,21.47
2025-06-12 10:00:00,56.0,21.53
2025-06-12 11:00:00,56.0,21.6
2025-06-12 13:00:00,56.0,21.75
2025-06-12 14:00:00,56.0,21.85
2025-06-12 15:00:00,56.2,21.92
2025-06-12 16:00:00,57.0,22.0
2025-06-12 17:00:00,57.0,22.08
2025-06-12 18:00:00,57.0,22.13
2025-06-12 19:00:00,57.0,22.2
2025-06-12 20:00:00,57.0,22.2
2025-06-12 21:00:00,57.0,22.2
2025-06-12 22:00:00,57.0,22.2
2025-06-12 23:00:00,57.0,22.2
2025-06-13 00:00:00,57.0,22.2
2025-06-13 01:00:00,57.7,22.2
2025-06-13 02:00:00,58.0,22.2
2025-06-13 03:00:00,58.0,22.2
2025-06-13 04:00:00,58.0,22.2
2025-06-13 06:00:00,58.0,22.3
2025-06-13 07:00:00,58.0,22.37
2025-06-13 08:00:00,57.8,22.47
2025-06-13 10:00:00,58.0,22.6
2025-06-13 11:00:00,58.0,22.7
2025-06-13 12:00:00,58.0,22.73
2025-06-13 13:00:00,58.0,22.8
2025-06-13 14:00:00,58.0,22.9
2025-06-13 15:00:00,58.0,22.95
2025-06-13 16:00:00,58.0,23.02
2025-06-13 17:00:00,58.0,23.1
2025-06-13 18:00:00,58.0,23.18
2025-06-13 19:00:00,58.0,23.2
2025-06-13 20:00:00,58.0,23.28
2025-06-13 21:00:00,58.0,23.3
2025-06-13 22:00:00,58.0,23.3
2025-06-13 23:00:00,58.0,23.3
2025-06-14 00:00:00,58.0,23.3
2025-06-14 01:00:00,58.0,23.27
2025-06-14 02:00:00,58.0,23.3
2025-06-14 03:00:00,58.0,23.3
2025-06-14 04:00:00,58.0,23.27
2025-06-14 05:00:00,58.0,23.3
2025-06-14 06:00:00,58.0,23.32
2025-06-14 07:00:00,58.0,23.42
2025-06-14 08:00:00,58.0,23.5
2025-06-14 09:00:00,58.0,23.57
2025-06-14 10:00:00,58.0,23.63
2025-06-14 11:00:00,58.0,23.7
2025-06-14 12:00:00,58.5,23.83
2025-06-14 14:00:00,59.0,24.08
2025-06-14 15:00:00,59.0,24.13
2025-06-14 16:00:00,59.0,24.2
2025-06-14 17:00:00,59.0,24.28
2025-06-14 19:00:00,59.0,24.4
2025-06-14 20:00:00,59.0,24.4
2025-06-14 22:00:00,59.0,24.4
2025-06-14 23:00:00,58.0,24.4
2025-06-15 00:00:00,58.0,24.38
2025-06-15 01:00:00,57.8,24.3
2025-06-15 02:00:00,57.0,24.28
2025-06-15 03:00:00,57.0,24.2
2025-06-15 04:00:00,57.0,24.2
2025-06-15 05:00:00,57.0,24.2
2025-06-15 06:00:00,57.0,24.27
2025-06-15 07:00:00,57.5,24.38
2025-06-15 09:00:00,64.0,25.07
2025-06-15 10:00:00,61.3,25.1
2025-06-15 11:00:00,60.5,25.1
2025-06-15 12:00:00,60.0,25.1
2025-06-15 13:00:00,60.0,25.1
2025-06-15 15:00:00,59.8,24.82
2025-06-15 16:00:00,60.0,24.92
2025-06-15 17:00:00,60.0,25.07
2025-06-15 18:00:00,59.3,25.07
2025-06-15 19:00:00,59.8,25.0
2025-06-15 20:00:00,60.0,24.93
2025-06-15 21:00:00,59.3,24.85
2025-06-15 22:00:00,58.7,24.73
2025-06-15 23:00:00,58.0,24.67
2025-06-16 01:00:00,57.0,24.5
2025-06-16 02:00:00,57.0,24.5
2025-06-16 03:00:00,57.0,24.4
2025-06-16 04:00:00,57.0,24.4
2025-06-16 05:00:00,56.0,24.32
2025-06-16 06:00:00,56.0,24.3
2025-06-16 07:00:00,55.3,24.23
2025-06-16 08:00:00,55.0,24.2
2025-06-16 09:00:00,55.0,24.2
2025-06-16 10:00:00,55.0,24.2
2025-06-16 11:00:00,55.0,24.2
2025-06-16 12:00:00,55.0,24.2
2025-06-16 13:00:00,55.0,24.2
2025-06-16 14:00:00,55.0,24.2
2025-06-16 15:00:00,55.0,24.2
2025-06-16 16:00:00,55.0,24.2
2025-06-16 17:00:00,54.2,24.2
2025-06-16 18:00:00,51.3,24.1
2025-06-16 19:00:00,51.8,24.0
2025-06-16 20:00:00,53.7,24.0
2025-06-16 21:00:00,54.0,24.0
2025-06-16 23:00:00,53.0,23.9
2025-06-17 00:00:00,53.0,23.87
2025-06-17 01:00:00,52.7,23.8
2025-06-17 02:00:00,52.0,23.72
2025-06-17 03:00:00,52.0,23.68
2025-06-17 04:00:00,52.0,23.6
2025-06-17 05:00:00,51.7,23.6
2025-06-17 06:00:00,52.0,23.6
2025-06-17 07:00:00,52.0,23.6
2025-06-17 08:00:00,52.0,23.6
2025-06-17 09:00:00,52.0,23.7
2025-06-17 10:00:00,52.0,23.7
2025-06-17 11:00:00,52.0,23.7
2025-06-17 12:00:00,52.3,23.73
2025-06-17 13:00:00,53.0,23.8
2025-06-17 14:00:00,53.0,23.93
2025-06-17 15:00:00,53.0,24.07
2025-06-17 16:00:00,53.0,24.18
2025-06-17 17:00:00,53.0,24.3
2025-06-17 18:00:00,53.0,24.27
2025-06-17 19:00:00,53.0,24.2
2025-06-17 20:00:00,53.0,24.17
2025-06-17 21:00:00,53.0,24.1
2025-06-17 22:00:00,53.0,24.02
2025-06-17 23:00:00,53.0,23.98
2025-06-18 00:00:00,53.0,23.9
2025-06-18 01:00:00,52.3,23.83
2025-06-18 02:00:00,52.0,23.8
2025-06-18 03:00:00,52.0,23.72
2025-06-18 04:00:00,52.0,23.7
2025-06-18 05:00:00,52.0,23.68
2025-06-18 06:00:00,52.0,23.7
2025-06-18 07:00:00,52.0,23.7
2025-06-18 08:00:00,52.3,23.7
2025-06-18 09:00:00,52.8,23.7
2025-06-18 10:00:00,53.0,23.77
2025-06-18 11:00:00,53.0,23.8
2025-06-18 12:00:00,53.0,23.82
2025-06-18 13:00:00,53.0,23.9
2025-06-18 14:00:00,53.0,23.9
2025-06-18 15:00:00,53.0,23.98
2025-06-18 16:00:00,53.0,24.0
2025-06-18 17:00:00,53.0,24.07
2025-06-18 18:00:00,53.0,24.1
2025-06-18 19:00:00,53.0,24.1
2025-06-18 20:00:00,53.0,24.1
2025-06-18 21:00:00,53.5,24.1
2025-06-18 23:00:00,54.0,24.1
2025-06-19 00:00:00,54.0,24.05
2025-06-19 01:00:00,54.0,24.0
2025-06-19 02:00:00,54.0,24.0
2025-06-19 03:00:00,54.0,23.98
2025-06-19 04:00:00,54.0,23.92
2025-06-19 05:00:00,53.3,23.9
2025-06-19 06:00:00,53.8,23.95
2025-06-19 07:00:00,54.0,24.0
2025-06-19 08:00:00,54.0,24.08
2025-06-19 09:00:00,54.0,24.13
2025-06-19 10:00:00,54.0,24.2
2025-06-19 11:00:00,54.0,24.22
2025-06-19 14:00:00,54.0,24.47
2025-06-19 15:00:00,54.0,24.48
2025-06-19 16:00:00,54.0,24.58
2025-06-19 17:00:00,54.0,24.7
2025-06-19 18:00:00,54.0,24.7
2025-06-19 19:00:00,54.0,24.7
2025-06-19 20:00:00,54.8,24.7
2025-06-19 21:00:00,54.0,24.7
2025-06-19 22:00:00,54.0,24.62
2025-06-19 23:00:00,54.0,24.6
2025-06-20 01:00:00,54.0,24.5
2025-06-20 02:00:00,54.0,24.45
2025-06-20 03:00:00,53.0,24.4
2025-06-20 04:00:00,53.0,24.4
2025-06-20 05:00:00,53.0,24.4
2025-06-20 06:00:00,53.0,24.4
2025-06-20 08:00:00,53.0,24.47
2025-06-20 09:00:00,53.7,24.5
2025-06-20 10:00:00,54.0,24.6
2025-06-20 11:00:00,54.0,24.63
2025-06-20 13:00:00,54.0,24.75
2025-06-20 14:00:00,54.0,24.8
2025-06-20 15:00:00,54.0,24.82
2025-06-20 16:00:00,54.0,24.9
2025-06-20 18:00:00,54.0,24.98
2025-06-20 20:00:00,54.0,25.0
2025-06-20 21:00:00,54.0,24.9
2025-06-20 22:00:00,53.7,24.9
2025-06-20 23:00:00,53.0,24.85
2025-06-21 01:00:00,52.2,24.7
2025-06-21 02:00:00,52.0,24.67
2025-06-21 03:00:00,51.2,24.6
2025-06-21 04:00:00,51.0,24.53
2025-06-21 05:00:00,51.0,24.5
2025-06-21 06:00:00,51.0,24.5
2025-06-21 07:00:00,51.0,24.55
2025-06-21 08:00:00,51.0,24.6
2025-06-21 09:00:00,51.2,24.62
2025-06-21 10:00:00,52.0,24.72
2025-06-21 11:00:00,52.0,24.8
2025-06-21 12:00:00,52.0,24.88
2025-06-21 13:00:00,52.0,24.95
2025-06-21 14:00:00,53.0,25.0
2025-06-21 15:00:00,53.0,25.1
2025-06-21 16:00:00,53.0,25.15
2025-06-21 17:00:00,53.0,25.2
2025-06-21 18:00:00,53.0,25.25
2025-06-21 19:00:00,53.0,25.28
2025-06-21 20:00:00,53.0,25.2
2025-06-21 21:00:00,53.0,25.2
2025-06-21 22:00:00,53.0,25.2
2025-06-21 23:00:00,53.0,25.12
2025-06-22 00:00:00,53.0,25.1
2025-06-22 01:00:00,53.0,25.07
2025-06-22 02:00:00,53.0,25.0
2025-06-22 03:00:00,52.8,24.98
2025-06-22 04:00:00,52.0,24.9
2025-06-22 05:00:00,52.0,24.9
2025-06-22 06:00:00,53.2,24.95
2025-06-22 07:00:00,53.5,24.92
2025-06-22 08:00:00,53.8,25.17
2025-06-22 09:00:00,54.7,25.53
2025-06-22 11:00:00,53.0,25.6
2025-06-22 12:00:00,53.0,25.6
2025-06-22 13:00:00,53.0,25.6
2025-06-22 14:00:00,53.2,25.6
2025-06-22 15:00:00,53.2,25.6
2025-06-22 17:00:00,53.5,25.65
2025-06-22 18:00:00,54.0,25.7
2025-06-22 19:00:00,54.0,25.78
2025-06-22 20:00:00,54.0,25.78
2025-06-22 21:00:00,54.0,25.7
2025-06-22 22:00:00,53.0,25.7
2025-06-23 00:00:00,53.0,25.6
2025-06-23 01:00:00,53.0,25.6
2025-06-23 02:00:00,53.0,25.6
2025-06-23 03:00:00,53.0,25.6
2025-06-23 06:00:00,53.0,25.6
2025-06-23 07:00:00,53.7,25.6
2025-06-23 08:00:00,54.0,25.73
2025-06-23 09:00:00,54.0,25.92
2025-06-23 10:00:00,54.5,25.98
2025-06-23 11:00:00,56.0,25.95
2025-06-23 13:00:00,57.5,26.0
2025-06-23 14:00:00,57.3,26.07
2025-06-23 15:00:00,57.2,26.03
2025-06-23 16:00:00,57.0,25.95
2025-06-23 17:00:00,55.5,25.9
2025-06-23 18:00:00,53.3,25.9
2025-06-23 19:00:00,53.3,25.87
2025-06-23 20:00:00,53.0,25.8
2025-06-23 21:00:00,52.3,25.8
2025-06-23 22:00:00,52.0,25.7
2025-06-24 00:00:00,51.0,25.6
2025-06-24 01:00:00,51.0,25.6
2025-06-24 02:00:00,51.0,25.53
2025-06-24 04:00:00,50.0,25.5
2025-06-24 05:00:00,50.3,25.48
2025-06-24 06:00:00,50.0,25.5
2025-06-24 07:00:00,50.2,25.5
2025-06-24 09:00:00,50.8,25.67
2025-06-24 10:00:00,50.0,25.7
2025-06-24 11:00:00,50.0,25.7
2025-06-24 12:00:00,51.0,25.7
2025-06-24 13:00:00,51.0,25.7
2025-06-24 14:00:00,51.7,25.7
2025-06-24 15:00:00,52.0,25.78
2025-06-24 16:00:00,52.0,25.8
2025-06-24 18:00:00,52.0,25.9
2025-06-24 19:00:00,52.0,25.9
2025-06-24 20:00:00,52.0,25.9
2025-06-24 21:00:00,52.0,25.9
2025-06-24 22:00:00,52.0,25.88
2025-06-24 23:00:00,52.0,25.8
2025-06-25 00:00:00,52.0,25.8
2025-06-25 01:00:00,52.0,25.72
2025-06-25 03:00:00,52.0,25.7
2025-06-25 04:00:00,52.0,25.6
2025-06-25 05:00:00,52.0,25.6
2025-06-25 06:00:00,52.3,25.68
2025-06-25 07:00:00,53.0,25.73
2025-06-25 08:00:00,53.0,25.85
2025-06-25 11:00:00,53.0,25.92
2025-06-25 12:00:00,53.0,26.0
2025-06-25 13:00:00,53.0,26.05
2025-06-25 14:00:00,53.8,26.17
2025-06-25 15:00:00,54.0,26.2
2025-06-25 16:00:00,52.5,26.27
2025-06-25 17:00:00,52.7,26.33
2025-06-25 19:00:00,55.0,26.58
2025-06-25 20:00:00,54.5,26.6
2025-06-25 21:00:00,53.7,26.52
2025-06-25 22:00:00,53.0,26.5
2025-06-25 23:00:00,53.0,26.48
2025-06-26 00:00:00,53.0,26.4
2025-06-26 01:00:00,52.3,26.38
2025-06-26 02:00:00,52.0,26.35
2025-06-26 03:00:00,52.5,26.3
2025-06-26 04:00:00,53.0,26.38
2025-06-26 05:00:00,53.7,26.4
2025-06-26 06:00:00,54.7,26.4
2025-06-26 07:00:00,57.5,26.47
2025-06-26 08:00:00,58.2,26.5
2025-06-26 09:00:00,57.0,26.47
2025-06-26 10:00:00,55.5,26.4
2025-06-26 11:00:00,54.2,26.32
2025-06-26 12:00:00,54.3,26.27
2025-06-26 13:00:00,53.8,26.17
2025-06-26 15:00:00,54.0,26.15
2025-06-26 16:00:00,54.0,26.1
2025-06-26 17:00:00,54.7,26.1
2025-06-26 18:00:00,55.0,26.1
2025-06-26 19:00:00,55.0,26.1
2025-06-26 20:00:00,55.0,26.1
2025-06-26 21:00:00,55.0,26.1
2025-06-26 23:00:00,55.0,26.07
2025-06-27 00:00:00,54.7,26.0
2025-06-27 01:00:00,54.0,26.0
2025-06-27 02:00:00,54.0,25.92
2025-06-27 03:00:00,54.0,25.88
2025-06-27 04:00:00,54.0,25.8
2025-06-27 05:00:00,54.0,25.8
2025-06-27 06:00:00,54.0,25.8
2025-06-27 08:00:00,54.0,25.8
2025-06-27 09:00:00,54.0,25.8
2025-06-27 10:00:00,54.0,25.8
2025-06-27 11:00:00,54.0,25.8
2025-06-27 12:00:00,54.0,25.8
2025-06-27 13:00:00,54.0,25.85
2025-06-27 15:00:00,54.0,25.9
2025-06-27 16:00:00,54.0,25.9
2025-06-27 17:00:00,54.0,25.9
2025-06-27 18:00:00,54.0,25.9
2025-06-27 21:00:00,54.0,25.9
2025-06-27 22:00:00,54.0,25.9
2025-06-27 23:00:00,54.0,25.9
2025-06-28 00:00:00,54.0,25.8
2025-06-28 01:00:00,54.0,25.8
2025-06-28 03:00:00,54.0,25.7
2025-06-28 04:00:00,53.8,25.7
2025-06-28 06:00:00,54.0,25.72
2025-06-28 07:00:00,54.0,25.83
2025-06-28 08:00:00,54.0,25.93
2025-06-28 09:00:00,54.0,26.0
2025-06-28 10:00:00,54.0,26.02
2025-06-28 11:00:00,54.0,26.15
2025-06-28 12:00:00,54.0,26.37
2025-06-28 13:00:00,54.0,26.5
2025-06-28 17:00:00,54.0,26.63
2025-06-28 18:00:00,56.5,26.82
2025-06-28 19:00:00,57.0,26.9
2025-06-28 20:00:00,56.0,26.9
2025-06-28 21:00:00,55.8,26.83
2025-06-28 22:00:00,55.0,26.8
2025-06-28 23:00:00,55.0,26.7
2025-06-29 00:00:00,55.0,26.7
2025-06-29 01:00:00,54.7,26.62
2025-06-29 02:00:00,54.0,26.6
2025-06-29 03:00:00,54.0,26.58
2025-06-29 04:00:00,54.0,26.5
2025-06-29 06:00:00,54.0,26.43
2025-06-29 07:00:00,54.0,26.42
2025-06-29 08:00:00,54.7,26.58
2025-06-29 10:00:00,55.0,26.9
2025-06-29 11:00:00,55.0,26.9
2025-06-29 12:00:00,55.0,26.9
2025-06-29 13:00:00,55.0,26.92
2025-06-29 14:00:00,55.0,27.0
2025-06-29 15:00:00,55.0,27.0
2025-06-29 17:00:00,55.0,27.1
2025-06-29 18:00:00,55.0,27.1
2025-06-29 19:00:00,55.0,27.1
2025-06-29 20:00:00,55.0,27.1
2025-06-29 21:00:00,55.0,27.1
2025-06-29 22:00:00,55.0,27.07
2025-06-29 23:00:00,54.7,27.0
2025-06-30 00:00:00,54.0,26.93
2025-06-30 02:00:00,53.0,26.77
2025-06-30 03:00:00,52.5,26.7
2025-06-30 04:00:00,52.0,26.7
2025-06-30 05:00:00,52.0,26.6
2025-06-30 06:00:00,52.0,26.6
2025-06-30 07:00:00,52.5,26.62
2025-06-30 08:00:00,53.0,26.7
2025-06-30 09:00:00,53.7,26.85
2025-06-30 10:00:00,54.0,26.97
2025-06-30 11:00:00,54.0,27.05
2025-06-30 12:00:00,54.0,27.13
2025-06-30 13:00:00,54.0,27.2
2025-06-30 14:00:00,54.0,27.28
2025-06-30 15:00:00,54.0,27.3
2025-06-30 16:00:00,54.0,27.3
2025-06-30 17:00:00,54.5,27.3
2025-06-30 18:00:00,54.0,27.3
2025-06-30 19:00:00,54.0,27.3
2025-06-30 20:00:00,54.0,27.3
2025-06-30 21:00:00,54.7,27.3
2025-06-30 22:00:00,55.0,27.23
2025-06-30 23:00:00,55.0,27.2
2025-07-01 00:00:00,55.0,27.2
2025-07-01 01:00:00,54.2,27.18
2025-07-01 02:00:00,54.0,27.1
2025-07-01 03:00:00,54.0,27.08
2025-07-01 04:00:00,54.0,27.02
2025-07-01 05:00:00,54.0,27.0
2025-07-01 06:00:00,54.0,27.0
2025-07-01 07:00:00,54.0,27.0
2025-07-01 08:00:00,54.0,27.1
2025-07-01 09:00:00,54.0,27.13
2025-07-01 10:00:00,54.0,27.2
2025-07-01 11:00:00,54.0,27.27
2025-07-01 12:00:00,54.0,27.33
2025-07-01 13:00:00,54.5,27.4
2025-07-01 14:00:00,55.0,27.42
2025-07-01 15:00:00,54.7,27.5
2025-07-01 16:00:00,54.0,27.53
2025-07-01 17:00:00,54.0,27.6
2025-07-01 18:00:00,54.7,27.62
2025-07-01 19:00:00,55.0,27.7
2025-07-01 20:00:00,55.0,27.7
2025-07-01 21:00:00,55.0,27.7
2025-07-01 23:00:00,55.0,27.67
2025-07-02 01:00:00,54.7,27.58
2025-07-02 03:00:00,54.0,27.43
2025-07-02 04:00:00,54.0,27.4
2025-07-02 06:00:00,54.0,27.4
2025-07-02 07:00:00,54.0,27.4
2025-07-02 08:00:00,54.0,27.5
2025-07-02 09:00:00,54.0,27.57
2025-07-02 10:00:00,54.0,27.68
2025-07-02 11:00:00,54.0,27.72
2025-07-02 13:00:00,54.0,27.87
2025-07-02 14:00:00,54.0,27.92
2025-07-02 15:00:00,54.0,28.0
2025-07-02 17:00:00,53.3,28.1
2025-07-02 18:00:00,52.0,28.1
2025-07-02 19:00:00,52.5,28.07
2025-07-02 20:00:00,52.0,27.97
2025-07-02 21:00:00,52.0,27.9
2025-07-02 22:00:00,51.5,27.88
2025-07-02 23:00:00,51.0,27.8
2025-07-03 00:00:00,51.0,27.73
2025-07-03 01:00:00,52.0,27.7
2025-07-03 02:00:00,52.0,27.7
2025-07-03 03:00:00,52.0,27.7
2025-07-03 04:00:00,51.2,27.6
2025-07-03 05:00:00,51.0,27.6
2025-07-03 06:00:00,51.0,27.6
2025-07-03 07:00:00,51.0,27.6
2025-07-03 08:00:00,51.7,27.6
2025-07-03 09:00:00,52.0,27.62
2025-07-03 10:00:00,52.0,27.62
2025-07-03 11:00:00,52.5,27.68
2025-07-03 12:00:00,53.0,27.78
2025-07-03 13:00:00,53.0,27.87
2025-07-03 14:00:00,53.0,28.0
2025-07-03 15:00:00,53.0,27.95
2025-07-03 16:00:00,53.0,27.98
2025-07-03 18:00:00,53.0,27.92
2025-07-03 20:00:00,53.0,27.8
2025-07-03 21:00:00,53.0,27.77
2025-07-03 22:00:00,53.7,27.7
2025-07-04 01:00:00,54.0,27.68
2025-07-04 02:00:00,54.0,27.6
2025-07-04 03:00:00,53.5,27.6
2025-07-04 04:00:00,53.0,27.55
2025-07-04 05:00:00,53.0,27.5
2025-07-04 06:00:00,54.3,27.42
2025-07-04 07:00:00,56.7,27.12
2025-07-04 08:00:00,56.8,26.92
2025-07-04 09:00:00,55.7,26.82
2025-07-04 10:00:00,54.8,26.8
2025-07-04 12:00:00,53.0,26.9
2025-07-04 13:00:00,52.5,26.98
2025-07-04 14:00:00,51.7,27.0
2025-07-04 15:00:00,52.8,27.08
2025-07-04 16:00:00,51.8,27.1
2025-07-04 17:00:00,52.5,27.17
2025-07-04 18:00:00,53.0,27.2
2025-07-04 19:00:00,53.0,27.2
2025-07-04 20:00:00,52.8,27.18
2025-07-04 21:00:00,52.0,27.1
2025-07-04 22:00:00,51.0,27.02
2025-07-04 23:00:00,50.3,26.93
2025-07-05 00:00:00,49.7,26.85
2025-07-05 01:00:00,49.0,26.77
2025-07-05 03:00:00,48.8,26.62
2025-07-05 04:00:00,48.2,26.6
2025-07-05 05:00:00,49.0,26.6
2025-07-05 06:00:00,48.8,26.57
2025-07-05 07:00:00,48.0,26.58
2025-07-05 08:00:00,48.7,26.6
2025-07-05 10:00:00,48.3,26.6
2025-07-05 11:00:00,49.0,26.67
2025-07-05 12:00:00,49.0,26.67
2025-07-05 13:00:00,48.8,26.68
2025-07-05 14:00:00,49.0,26.68
2025-07-05 15:00:00,49.7,26.7
2025-07-05 16:00:00,49.0,26.7
2025-07-05 19:00:00,46.5,26.6
2025-07-05 20:00:00,44.2,26.5
2025-07-05 21:00:00,43.8,26.4
2025-07-05 22:00:00,44.3,26.4
2025-07-05 23:00:00,44.0,26.37
2025-07-06 00:00:00,44.0,26.3
2025-07-06 01:00:00,44.0,26.27
2025-07-06 02:00:00,44.0,26.2
2025-07-06 03:00:00,44.0,26.2
2025-07-06 04:00:00,44.0,26.17
2025-07-06 05:00:00,43.8,26.1
2025-07-06 06:00:00,43.0,25.92
2025-07-06 07:00:00,44.0,25.82
2025-07-06 09:00:00,43.2,26.27
2025-07-06 10:00:00,40.7,26.12
2025-07-06 11:00:00,40.7,26.05
2025-07-06 12:00:00,39.5,25.97
2025-07-06 13:00:00,40.0,25.9
2025-07-06 15:00:00,40.8,25.87
2025-07-06 16:00:00,41.0,25.9
2025-07-06 17:00:00,41.3,25.9
2025-07-06 18:00:00,42.0,25.88
2025-07-06 19:00:00,42.0,25.8
2025-07-06 20:00:00,42.0,25.8
2025-07-06 21:00:00,43.0,25.8
2025-07-06 22:00:00,43.0,25.8
2025-07-06 23:00:00,44.0,25.77
2025-07-07 00:00:00,44.0,25.7
2025-07-07 01:00:00,44.0,25.67
2025-07-07 02:00:00,44.0,25.58
2025-07-07 03:00:00,44.0,25.5
2025-07-07 04:00:00,44.0,25.47
2025-07-07 05:00:00,44.0,25.4
2025-07-07 06:00:00,44.7,25.37
2025-07-07 07:00:00,45.0,25.3
2025-07-07 08:00:00,45.8,25.3
2025-07-07 09:00:00,46.2,25.25
2025-07-07 10:00:00,47.0,25.2
2025-07-07 11:00:00,47.0,25.2
2025-07-07 12:00:00,47.7,25.23
2025-07-07 13:00:00,47.5,25.35
2025-07-07 14:00:00,46.5,25.3
2025-07-07 15:00:00,46.0,25.3
2025-07-07 16:00:00,46.0,25.3
2025-07-07 17:00:00,46.3,25.33
2025-07-07 18:00:00,46.0,25.28
2025-07-07 19:00:00,46.0,25.2
2025-07-07 20:00:00,46.0,25.2
2025-07-07 21:00:00,46.0,25.02
2025-07-07 22:00:00,46.0,24.83
2025-07-07 23:00:00,46.7,24.67
2025-07-08 00:00:00,47.0,24.58
2025-07-08 01:00:00,47.0,24.48
2025-07-08 02:00:00,47.0,24.37
2025-07-08 03:00:00,47.0,24.28
2025-07-08 04:00:00,47.0,24.2
2025-07-08 05:00:00,47.2,24.1
2025-07-08 06:00:00,47.7,24.02
2025-07-08 07:00:00,47.2,23.9
2025-07-08 08:00:00,47.0,23.93
2025-07-08 09:00:00,46.3,23.9
2025-07-08 10:00:00,47.0,23.85
2025-07-08 11:00:00,47.0,23.75
2025-07-08 12:00:00,47.0,23.7
2025-07-08 13:00:00,46.2,23.5
2025-07-08 14:00:00,47.0,23.5
2025-07-08 15:00:00,47.0,23.43
2025-07-08 16:00:00,46.5,23.33
2025-07-08 17:00:00,47.0,23.3
2025-07-08 18:00:00,47.0,23.3
2025-07-08 19:00:00,47.0,23.2
2025-07-08 20:00:00,47.0,23.15
2025-07-08 21:00:00,47.0,23.05
2025-07-08 22:00:00,47.0,22.97
2025-07-08 23:00:00,47.0,22.88
2025-07-09 00:00:00,47.0,22.8
2025-07-09 01:00:00,47.0,22.7
2025-07-09 02:00:00,47.0,22.62
2025-07-09 03:00:00,47.0,22.53
2025-07-09 04:00:00,47.0,22.45
2025-07-09 05:00:00,47.0,22.4
2025-07-09 06:00:00,47.0,22.32
2025-07-09 07:00:00,47.0,22.3
2025-07-09 09:00:00,47.0,22.3
2025-07-09 10:00:00,47.0,22.3
2025-07-09 11:00:00,47.0,22.3
2025-07-09 12:00:00,47.0,22.3
2025-07-09 13:00:00,47.0,22.3
2025-07-09 14:00:00,47.0,22.3
2025-07-09 15:00:00,47.0,22.3
2025-07-09 16:00:00,48.0,22.3
2025-07-09 17:00:00,48.0,22.3
2025-07-09 18:00:00,48.0,22.3
2025-07-09 19:00:00,48.0,22.3
2025-07-09 20:00:00,48.0,22.3
2025-07-09 21:00:00,48.0,22.27
2025-07-09 22:00:00,48.0,22.2
2025-07-09 23:00:00,48.0,22.18
2025-07-10 00:00:00,48.0,22.12
2025-07-10 01:00:00,48.0,22.1
2025-07-10 02:00:00,48.0,22.02
2025-07-10 03:00:00,48.0,22.0
2025-07-10 04:00:00,48.0,21.92
2025-07-10 06:00:00,48.0,21.9
2025-07-10 07:00:00,48.0,21.93
2025-07-10 08:00:00,48.0,22.0
2025-07-10 09:00:00,48.0,22.02
2025-07-10 10:00:00,48.0,22.08
2025-07-10 11:00:00,48.0,22.1
2025-07-10 12:00:00,47.3,22.1
2025-07-10 13:00:00,47.0,22.1
2025-07-10 14:00:00,47.0,22.1
2025-07-10 15:00:00,47.0,22.12
2025-07-10 16:00:00,47.0,22.18
2025-07-10 17:00:00,47.0,22.2
2025-07-10 18:00:00,47.5,22.2
2025-07-10 19:00:00,48.0,22.2
2025-07-10 22:00:00,48.0,22.2
2025-07-10 23:00:00,48.0,22.2
2025-07-11 00:00:00,48.0,22.2
2025-07-11 01:00:00,48.0,22.12
2025-07-11 02:00:00,48.0,22.1
2025-07-11 03:00:00,47.2,22.1
2025-07-11 04:00:00,47.0,22.1
2025-07-11 05:00:00,47.0,22.08
2025-07-11 06:00:00,48.0,22.15
2025-07-11 07:00:00,48.0,22.22
2025-07-11 08:00:00,48.0,22.32
2025-07-11 09:00:00,47.2,22.47
2025-07-11 10:00:00,47.0,22.6
2025-07-11 11:00:00,47.0,22.7
2025-07-11 12:00:00,47.0,22.72
2025-07-11 13:00:00,47.0,22.7
2025-07-11 14:00:00,47.7,22.7
2025-07-11 15:00:00,48.0,22.7
2025-07-11 16:00:00,48.0,22.7
2025-07-11 17:00:00,48.0,22.77
2025-07-11 18:00:00,48.0,22.8
2025-07-11 20:00:00,48.0,22.8
2025-07-11 21:00:00,48.0,22.8
2025-07-11 22:00:00,48.0,22.8
2025-07-11 23:00:00,48.0,22.8
2025-07-12 00:00:00,48.0,22.8
2025-07-12 01:00:00,48.0,22.8
2025-07-12 02:00:00,48.0,22.8
2025-07-12 03:00:00,48.0,22.8
2025-07-12 04:00:00,48.0,22.8
2025-07-12 05:00:00,48.0,22.8
2025-07-12 06:00:00,48.0,22.8
2025-07-12 07:00:00,48.0,22.8
2025-07-12 08:00:00,48.0,22.87
2025-07-12 09:00:00,48.0,22.9
2025-07-12 10:00:00,48.0,22.9
2025-07-12 11:00:00,48.0,23.0
2025-07-12 12:00:00,48.0,23.0
2025-07-12 13:00:00,48.0,23.0
2025-07-12 14:00:00,48.0,23.03
2025-07-12 15:00:00,48.8,23.1
2025-07-12 16:00:00,49.0,23.1
2025-07-12 17:00:00,49.0,23.1
2025-07-12 18:00:00,49.0,23.2
2025-07-12 19:00:00,49.0,23.2
2025-07-12 20:00:00,48.2,23.2
2025-07-12 21:00:00,48.0,23.2
2025-07-12 22:00:00,48.0,23.2
2025-07-12 23:00:00,47.5,23.2
2025-07-13 00:00:00,47.0,23.2
2025-07-13 01:00:00,47.0,23.12
2025-07-13 02:00:00,47.0,23.1
2025-07-13 03:00:00,47.0,23.1
2025-07-13 04:00:00,47.0,23.1
2025-07-13 05:00:00,47.0,23.1
2025-07-13 06:00:00,47.5,23.15
2025-07-13 07:00:00,48.8,23.1
2025-07-13 08:00:00,49.5,23.27
2025-07-13 09:00:00,50.0,23.58
2025-07-13 10:00:00,50.0,23.7
2025-07-13 11:00:00,50.0,23.7
2025-07-13 12:00:00,50.0,23.7
2025-07-13 14:00:00,50.0,23.7
2025-07-13 15:00:00,50.0,23.7
2025-07-13 16:00:00,50.0,23.7
2025-07-13 17:00:00,50.0,23.7
2025-07-13 18:00:00,50.0,23.7
2025-07-13 19:00:00,50.3,23.73
2025-07-13 20:00:00,51.0,23.78
2025-07-13 21:00:00,51.0,23.8
2025-07-13 22:00:00,51.0,23.8
2025-07-13 23:00:00,51.0,23.8
2025-07-14 00:00:00,51.0,23.8
2025-07-14 01:00:00,51.0,23.8
2025-07-14 02:00:00,51.0,23.8
2025-07-14 03:00:00,51.7,23.8
2025-07-14 04:00:00,52.0,23.8
2025-07-14 05:00:00,52.5,23.8
2025-07-14 06:00:00,53.3,23.8
2025-07-14 07:00:00,55.2,23.82
2025-07-14 08:00:00,55.0,23.9
2025-07-14 11:00:00,58.3,24.1
2025-07-14 12:00:00,57.0,24.18
2025-07-14 13:00:00,56.7,24.28
2025-07-14 14:00:00,56.7,24.32
2025-07-14 15:00:00,56.0,24.4
2025-07-14 16:00:00,56.0,24.4
2025-07-14 17:00:00,56.0,24.4
2025-07-14 18:00:00,56.0,24.4
2025-07-14 19:00:00,56.0,24.4
2025-07-14 20:00:00,56.0,24.4
2025-07-14 21:00:00,56.0,24.35
2025-07-14 22:00:00,56.0,24.3
2025-07-14 23:00:00,56.0,24.3
2025-07-15 00:00:00,56.0,24.3
2025-07-15 01:00:00,56.0,24.22
2025-07-15 02:00:00,56.0,24.2
2025-07-15 03:00:00,56.2,24.2
2025-07-15 04:00:00,56.7,24.2
2025-07-15 05:00:00,57.0,24.2
2025-07-15 06:00:00,56.7,24.2
2025-07-15 07:00:00,56.8,24.2
2025-07-15 08:00:00,59.2,24.28
2025-07-15 09:00:00,60.7,24.45
2025-07-15 10:00:00,60.5,24.6
2025-07-15 11:00:00,60.3,24.6
2025-07-15 12:00:00,59.7,24.6
2025-07-15 13:00:00,58.5,24.6
2025-07-15 14:00:00,57.0,24.52
2025-07-15 15:00:00,56.0,24.5
2025-07-15 16:00:00,55.0,24.57
2025-07-15 17:00:00,55.0,24.6
2025-07-15 18:00:00,55.0,24.6
2025-07-15 19:00:00,55.0,24.5
2025-07-15 20:00:00,54.0,24.42
2025-07-15 21:00:00,54.0,24.35
2025-07-15 22:00:00,54.0,24.3
2025-07-15 23:00:00,54.0,24.2
2025-07-16 00:00:00,53.8,24.18
2025-07-16 01:00:00,53.0,24.1
2025-07-16 02:00:00,53.0,24.07
2025-07-16 03:00:00,52.2,24.0
2025-07-16 04:00:00,52.0,23.93
2025-07-16 05:00:00,51.8,23.9
2025-07-16 06:00:00,51.0,23.87
2025-07-16 07:00:00,50.8,23.8
2025-07-16 09:00:00,49.0,23.63
2025-07-16 10:00:00,49.0,23.68
2025-07-16 11:00:00,49.5,23.65
2025-07-16 12:00:00,50.0,23.7
2025-07-16 13:00:00,50.0,23.63
2025-07-16 15:00:00,50.0,23.6
2025-07-16 16:00:00,50.0,23.6
2025-07-16 17:00:00,50.0,23.6
2025-07-16 18:00:00,51.0,23.6
2025-07-16 19:00:00,51.2,23.6
2025-07-16 20:00:00,52.0,23.6
2025-07-16 21:00:00,52.0,23.6
2025-07-16 22:00:00,52.0,23.6
2025-07-16 23:00:00,52.0,23.6
2025-07-17 00:00:00,52.0,23.52
2025-07-17 01:00:00,52.0,23.5
2025-07-17 02:00:00,52.0,23.43
2025-07-17 03:00:00,52.0,23.4
2025-07-17 04:00:00,52.0,23.38
2025-07-17 05:00:00,52.0,23.3
2025-07-17 06:00:00,52.2,23.3
2025-07-17 07:00:00,53.0,23.3
2025-07-17 08:00:00,53.0,23.37
2025-07-17 09:00:00,53.5,23.45
2025-07-17 10:00:00,52.8,23.5
2025-07-17 11:00:00,50.2,23.42
2025-07-17 12:00:00,50.0,23.4
2025-07-17 13:00:00,49.8,23.4
2025-07-17 14:00:00,50.0,23.4
2025-07-17 15:00:00,50.0,23.4
2025-07-17 16:00:00,50.3,23.4
2025-07-17 17:00:00,51.0,23.4
2025-07-17 18:00:00,51.0,23.4
2025-07-17 19:00:00,51.0,23.45
2025-07-17 20:00:00,51.0,23.42
2025-07-17 21:00:00,51.0,23.4
2025-07-17 22:00:00,51.0,23.4
2025-07-17 23:00:00,51.0,23.4
2025-07-18 00:00:00,51.0,23.4
2025-07-18 01:00:00,50.2,23.32
2025-07-18 02:00:00,50.0,23.3
2025-07-18 03:00:00,50.0,23.3
2025-07-18 04:00:00,50.0,23.23
2025-07-18 05:00:00,50.0,23.2
2025-07-18 06:00:00,50.0,23.2
2025-07-18 07:00:00,50.0,23.2
2025-07-18 08:00:00,50.7,23.28
2025-07-18 10:00:00,52.0,23.4
2025-07-18 11:00:00,51.8,23.47
2025-07-18 12:00:00,51.7,23.5
2025-07-18 14:00:00,52.0,23.62
2025-07-18 15:00:00,53.7,23.87
2025-07-18 16:00:00,53.7,24.08
2025-07-18 18:00:00,53.0,24.1
2025-07-18 19:00:00,53.0,24.1
2025-07-18 20:00:00,53.0,24.03
2025-07-18 21:00:00,53.0,23.98
2025-07-18 22:00:00,53.0,23.9
2025-07-18 23:00:00,53.0,23.88
2025-07-19 00:00:00,53.0,23.8
2025-07-19 01:00:00,52.2,23.78
2025-07-19 02:00:00,52.0,23.7
2025-07-19 03:00:00,52.0,23.65
2025-07-19 04:00:00,52.0,23.6
2025-07-19 05:00:00,52.0,23.6
2025-07-19 06:00:00,52.0,23.6
2025-07-19 07:00:00,52.0,23.63
2025-07-19 09:00:00,53.0,23.77
2025-07-19 10:00:00,52.2,23.8
2025-07-19 11:00:00,52.0,23.9
2025-07-19 12:00:00,52.8,24.07
2025-07-19 13:00:00,55.0,24.0
2025-07-19 14:00:00,56.8,24.03
2025-07-19 15:00:00,56.0,24.1
2025-07-19 16:00:00,56.0,24.1
2025-07-19 17:00:00,56.0,24.08
2025-07-19 18:00:00,56.8,24.1
2025-07-19 19:00:00,57.0,24.08
2025-07-19 20:00:00,57.0,24.0
2025-07-19 21:00:00,57.0,24.0
2025-07-19 22:00:00,57.0,24.0
2025-07-19 23:00:00,57.0,23.97
2025-07-20 00:00:00,57.0,23.9
2025-07-20 01:00:00,57.0,23.9
2025-07-20 02:00:00,57.0,23.83
2025-07-20 03:00:00,57.0,23.8
2025-07-20 04:00:00,57.0,23.8
2025-07-20 05:00:00,57.0,23.77
2025-07-20 06:00:00,57.0,23.7
2025-07-20 08:00:00,59.8,23.8
2025-07-20 09:00:00,59.2,24.07
2025-07-20 10:00:00,58.8,24.1
2025-07-20 11:00:00,58.0,24.1
2025-07-20 13:00:00,57.0,24.15
2025-07-20 15:00:00,58.0,24.3
2025-07-20 16:00:00,58.0,24.3
2025-07-20 17:00:00,58.0,24.23
2025-07-20 18:00:00,58.5,24.23
2025-07-20 19:00:00,59.0,24.3
2025-07-20 20:00:00,59.0,24.28
2025-07-20 21:00:00,59.0,24.2
2025-07-20 22:00:00,59.0,24.12
2025-07-20 23:00:00,59.0,24.08
2025-07-21 00:00:00,59.0,24.0
2025-07-21 01:00:00,59.0,23.98
2025-07-21 02:00:00,59.0,23.9
2025-07-21 03:00:00,59.0,23.87
2025-07-21 04:00:00,59.0,23.8
2025-07-21 06:00:00,59.0,23.73
2025-07-21 07:00:00,58.7,23.7
2025-07-21 09:00:00,58.0,23.6
2025-07-21 10:00:00,57.5,23.6
2025-07-21 11:00:00,58.0,23.6
2025-07-21 12:00:00,58.0,23.6
2025-07-21 13:00:00,58.0,23.6
2025-07-21 14:00:00,58.0,23.6
2025-07-21 15:00:00,58.0,23.6
2025-07-21 16:00:00,58.0,23.67
2025-07-21 17:00:00,58.0,23.7
2025-07-21 18:00:00,58.0,23.65
2025-07-21 19:00:00,58.0,23.6
2025-07-21 20:00:00,57.5,23.6
2025-07-21 21:00:00,57.0,23.57
2025-07-21 22:00:00,56.2,23.5
2025-07-21 23:00:00,56.0,23.45
2025-07-22 00:00:00,55.7,23.37
2025-07-22 01:00:00,55.8,23.35
2025-07-22 02:00:00,55.0,23.23
2025-07-22 03:00:00,56.0,23.2
2025-07-22 04:00:00,55.8,23.2
2025-07-22 05:00:00,56.0,23.2
2025-07-22 06:00:00,56.0,23.18
2025-07-22 07:00:00,55.8,23.22
2025-07-22 08:00:00,56.0,23.35
2025-07-22 09:00:00,55.7,23.48
2025-07-22 10:00:00,55.0,23.5
2025-07-22 11:00:00,55.0,23.45
2025-07-22 12:00:00,54.5,23.38
2025-07-22 13:00:00,54.8,23.32
2025-07-22 14:00:00,55.0,23.3
2025-07-22 15:00:00,55.0,23.3
2025-07-22 16:00:00,54.8,23.27
2025-07-22 17:00:00,54.2,23.2
2025-07-22 18:00:00,54.2,23.2
2025-07-22 20:00:00,55.0,23.2
2025-07-22 22:00:00,54.0,23.2
2025-07-22 23:00:00,54.0,23.2
2025-07-23 00:00:00,54.0,23.1
2025-07-23 01:00:00,54.0,23.1
2025-07-23 02:00:00,54.0,23.08
2025-07-23 03:00:00,54.0,23.0
2025-07-23 04:00:00,54.0,23.0
2025-07-23 06:00:00,54.0,22.93
2025-07-23 07:00:00,54.0,23.0
2025-07-23 08:00:00,54.0,23.0
2025-07-23 09:00:00,54.0,23.0
2025-07-23 10:00:00,54.0,23.0
2025-07-23 12:00:00,54.0,23.1
2025-07-23 13:00:00,54.0,23.1
2025-07-23 14:00:00,54.2,23.1
2025-07-23 15:00:00,55.0,23.18
2025-07-23 16:00:00,55.0,23.2
2025-07-23 17:00:00,55.0,23.2
2025-07-23 18:00:00,55.0,23.2
2025-07-23 19:00:00,55.0,23.2
2025-07-23 20:00:00,55.0,23.2
2025-07-23 21:00:00,55.0,23.2
2025-07-23 22:00:00,55.0,23.2
2025-07-23 23:00:00,56.0,23.2
2025-07-24 00:00:00,56.0,23.2
2025-07-24 01:00:00,56.0,23.2
2025-07-24 03:00:00,57.0,23.2
2025-07-24 04:00:00,57.0,23.2
2025-07-24 05:00:00,57.0,23.2
2025-07-24 06:00:00,57.0,23.15
2025-07-24 07:00:00,57.0,23.1
2025-07-24 08:00:00,57.0,23.1
2025-07-24 10:00:00,56.0,23.27
2025-07-24 11:00:00,56.0,23.4
2025-07-24 12:00:00,56.0,23.53
2025-07-24 13:00:00,56.0,23.6
2025-07-24 14:00:00,56.0,23.6
2025-07-24 15:00:00,56.0,23.52
2025-07-24 16:00:00,56.0,23.48
2025-07-24 17:00:00,56.0,23.4
2025-07-24 18:00:00,56.0,23.32
2025-07-24 19:00:00,56.0,23.27
2025-07-24 20:00:00,56.0,23.2
2025-07-24 21:00:00,56.0,23.15
2025-07-24 22:00:00,56.0,23.1
2025-07-24 23:00:00,56.0,23.0
2025-07-25 00:00:00,56.0,23.0
2025-07-25 01:00:00,56.0,22.93
2025-07-25 02:00:00,56.0,22.9
2025-07-25 04:00:00,55.8,22.8
2025-07-25 05:00:00,56.0,22.8
2025-07-25 06:00:00,56.0,22.73
2025-07-25 07:00:00,56.0,22.7
2025-07-25 08:00:00,56.0,22.7
2025-07-25 09:00:00,56.0,22.67
2025-07-25 10:00:00,56.0,22.68
2025-07-25 12:00:00,56.0,22.7
2025-07-25 13:00:00,56.0,22.7
2025-07-25 14:00:00,56.2,22.7
2025-07-25 15:00:00,56.5,22.75
2025-07-25 16:00:00,57.0,22.73
2025-07-25 17:00:00,57.0,22.8
2025-07-25 18:00:00,57.0,22.8
2025-07-25 19:00:00,57.0,22.8
2025-07-25 20:00:00,57.0,22.75
2025-07-25 21:00:00,57.0,22.7
2025-07-25 22:00:00,57.0,22.7
2025-07-25 23:00:00,57.0,22.68
2025-07-26 00:00:00,57.0,22.6
2025-07-26 01:00:00,57.0,22.6
2025-07-26 02:00:00,57.0,22.58
2025-07-26 03:00:00,57.0,22.52
2025-07-26 04:00:00,57.0,22.5
2025-07-26 05:00:00,57.0,22.5
2025-07-26 06:00:00,57.0,22.5
2025-07-26 07:00:00,57.0,22.5
2025-07-26 08:00:00,57.0,22.5
2025-07-26 09:00:00,57.0,22.5
2025-07-26 10:00:00,57.0,22.5
2025-07-26 11:00:00,57.0,22.5
2025-07-26 12:00:00,56.0,22.53
2025-07-26 13:00:00,56.0,22.67
2025-07-26 14:00:00,57.3,22.8
2025-07-26 15:00:00,58.0,22.8
2025-07-26 16:00:00,58.0,22.8
2025-07-26 18:00:00,58.0,22.67
2025-07-26 19:00:00,58.0,22.6
2025-07-26 21:00:00,58.0,22.5
2025-07-26 22:00:00,58.0,22.42
2025-07-26 23:00:00,58.0,22.4
2025-07-27 00:00:00,58.0,22.33
2025-07-27 01:00:00,58.0,22.3
2025-07-27 02:00:00,58.0,22.3
2025-07-27 03:00:00,58.0,22.2
2025-07-27 04:00:00,58.0,22.2
2025-07-27 05:00:00,58.0,22.2
2025-07-27 06:00:00,58.0,22.17
2025-07-27 07:00:00,59.3,22.12
2025-07-27 08:00:00,59.3,22.3
2025-07-27 09:00:00,59.8,22.48
2025-07-27 10:00:00,60.0,22.5
2025-07-27 11:00:00,60.0,22.5
2025-07-27 12:00:00,60.0,22.48
2025-07-27 13:00:00,60.0,22.4
2025-07-27 14:00:00,60.0,22.4
2025-07-27 15:00:00,60.5,22.38
2025-07-27 16:00:00,59.7,22.38
2025-07-27 17:00:00,60.0,22.42
2025-07-27 18:00:00,60.0,22.4
2025-07-27 19:00:00,60.0,22.35
2025-07-27 20:00:00,60.0,22.27
2025-07-27 21:00:00,60.0,22.2
2025-07-27 22:00:00,60.0,22.12
2025-07-27 23:00:00,60.0,22.1
2025-07-28 00:00:00,59.2,22.0
2025-07-28 01:00:00,59.0,21.95
2025-07-28 02:00:00,59.0,21.9
2025-07-28 03:00:00,59.0,21.83
2025-07-28 05:00:00,59.0,21.8
2025-07-28 06:00:00,59.0,21.7
2025-07-28 07:00:00,58.3,21.7
2025-07-28 08:00:00,58.8,21.68
2025-07-28 09:00:00,58.8,21.7
2025-07-28 10:00:00,58.0,21.7
2025-07-28 11:00:00,58.0,21.7
2025-07-28 12:00:00,58.0,21.7
2025-07-28 13:00:00,58.0,21.7
2025-07-28 14:00:00,59.0,21.7
2025-07-28 15:00:00,59.0,21.67
2025-07-28 16:00:00,59.0,21.6
2025-07-28 17:00:00,59.0,21.6
2025-07-28 18:00:00,59.0,21.5
2025-07-28 19:00:00,59.0,21.47
2025-07-28 22:00:00,59.0,21.3
2025-07-28 23:00:00,59.0,21.23
2025-07-29 00:00:00,59.0,21.2
2025-07-29 01:00:00,58.0,21.1
2025-07-29 02:00:00,58.0,21.08
2025-07-29 03:00:00,58.0,21.0
2025-07-29 04:00:00,58.0,20.98
2025-07-29 05:00:00,58.0,20.9
2025-07-29 06:00:00,58.0,20.9
2025-07-29 08:00:00,58.0,20.9
2025-07-29 09:00:00,58.0,20.97
2025-07-29 10:00:00,58.0,21.1
2025-07-29 11:00:00,58.0,21.1
2025-07-29 12:00:00,58.0,21.1
2025-07-29 13:00:00,58.0,21.1
2025-07-29 14:00:00,58.0,21.1
2025-07-29 15:00:00,58.0,21.03
2025-07-29 16:00:00,58.0,21.0
2025-07-29 17:00:00,58.0,21.02
2025-07-29 18:00:00,58.0,21.13
2025-07-29 19:00:00,58.0,21.18
2025-07-29 20:00:00,58.5,21.1
2025-07-29 21:00:00,59.0,21.07
2025-07-29 22:00:00,59.0,21.0
2025-07-29 23:00:00,59.0,20.95
2025-07-30 00:00:00,59.0,20.9
2025-07-30 01:00:00,59.0,20.8
2025-07-30 02:00:00,58.3,20.78
2025-07-30 03:00:00,58.0,20.7
2025-07-30 04:00:00,58.0,20.7
2025-07-30 05:00:00,58.0,20.6
2025-07-30 06:00:00,58.0,20.6
2025-07-30 07:00:00,58.0,20.6
2025-07-30 08:00:00,58.0,20.65
2025-07-30 10:00:00,58.0,20.7
2025-07-30 11:00:00,58.0,20.7
2025-07-30 13:00:00,58.0,20.7
2025-07-30 17:00:00,59.0,20.73
2025-07-30 18:00:00,59.0,20.73
2025-07-30 19:00:00,59.0,20.7
2025-07-30 20:00:00,59.0,20.7
2025-07-30 21:00:00,59.0,20.7
2025-07-30 22:00:00,59.0,20.7
2025-07-30 23:00:00,59.0,20.7
2025-07-31 01:00:00,59.0,20.6
2025-07-31 02:00:00,59.0,20.6
2025-07-31 03:00:00,59.0,20.6
2025-07-31 04:00:00,59.0,20.6
2025-07-31 05:00:00,59.0,20.58
2025-07-31 06:00:00,59.0,20.5
2025-07-31 07:00:00,59.5,20.5
2025-07-31 08:00:00,60.0,20.58
2025-07-31 09:00:00,60.0,20.6
2025-07-31 10:00:00,60.0,20.6
2025-07-31 11:00:00,60.0,20.6
2025-07-31 12:00:00,60.0,20.6
2025-07-31 13:00:00,60.0,20.6
2025-07-31 14:00:00,60.0,20.63
2025-07-31 16:00:00,60.0,20.7
2025-07-31 17:00:00,60.0,20.7
2025-07-31 18:00:00,60.0,20.7
2025-07-31 19:00:00,60.0,20.73
2025-07-31 20:00:00,60.0,20.8
2025-07-31 21:00:00,60.0,20.8
2025-07-31 22:00:00,60.0,20.8
2025-08-01 01:00:00,60.0,20.8
2025-08-01 02:00:00,60.0,20.8
2025-08-01 03:00:00,60.0,20.8
2025-08-01 04:00:00,60.0,20.8
2025-08-01 05:00:00,60.0,20.8
2025-08-01 06:00:00,60.0,20.8
2025-08-01 07:00:00,60.0,20.8
2025-08-01 08:00:00,60.0,20.82
2025-08-01 09:00:00,60.0,20.9
2025-08-01 10:00:00,60.0,20.9
2025-08-01 11:00:00,60.0,20.9
2025-08-01 12:00:00,60.3,20.9
2025-08-01 13:00:00,60.0,20.97
2025-08-01 14:00:00,60.0,21.0
2025-08-01 15:00:00,60.8,21.0
2025-08-01 17:00:00,62.0,21.03
2025-08-01 18:00:00,62.3,21.1
2025-08-01 19:00:00,62.2,21.1
2025-08-01 20:00:00,62.2,21.1
2025-08-01 22:00:00,62.0,21.1
2025-08-01 23:00:00,62.0,21.1
2025-08-02 00:00:00,62.0,21.1
2025-08-02 01:00:00,62.0,21.1
2025-08-02 02:00:00,61.0,21.1
2025-08-02 03:00:00,61.3,21.03
2025-08-02 04:00:00,61.0,21.02
2025-08-02 05:00:00,61.0,21.0
2025-08-02 06:00:00,61.5,20.93
2025-08-02 08:00:00,61.2,20.8
2025-08-02 09:00:00,61.0,20.8
2025-08-02 10:00:00,61.0,20.8
2025-08-02 11:00:00,61.0,20.8
2025-08-02 12:00:00,61.0,20.8
2025-08-02 13:00:00,61.0,20.87
2025-08-02 14:00:00,60.7,20.87
2025-08-02 15:00:00,60.0,20.93
2025-08-02 17:00:00,59.3,21.1
2025-08-02 18:00:00,60.0,21.1
2025-08-02 19:00:00,60.0,21.03
2025-08-02 20:00:00,60.0,20.95
2025-08-02 21:00:00,60.0,20.9
2025-08-02 22:00:00,60.0,20.82
2025-08-02 23:00:00,60.0,20.78
2025-08-03 00:00:00,60.0,20.7
2025-08-03 01:00:00,60.0,20.68
2025-08-03 02:00:00,60.0,20.6
2025-08-03 03:00:00,60.0,20.6
2025-08-03 04:00:00,60.0,20.52
2025-08-03 05:00:00,60.0,20.5
2025-08-03 06:00:00,60.0,20.48
2025-08-03 07:00:00,60.0,20.42
2025-08-03 08:00:00,60.0,20.42
2025-08-03 09:00:00,60.0,20.47
2025-08-03 10:00:00,60.0,20.47
2025-08-03 11:00:00,60.0,20.5
2025-08-03 12:00:00,60.0,20.5
2025-08-03 13:00:00,60.0,20.55
2025-08-03 14:00:00,59.8,20.68
2025-08-03 15:00:00,60.0,20.77
2025-08-03 16:00:00,60.0,20.7
2025-08-03 17:00:00,60.0,20.7
2025-08-03 18:00:00,60.0,20.7
2025-08-03 19:00:00,60.0,20.7
2025-08-03 20:00:00,60.0,20.7
2025-08-03 21:00:00,60.0,20.7
2025-08-03 22:00:00,60.0,20.63
2025-08-03 23:00:00,60.2,20.6
2025-08-04 00:00:00,61.0,20.6
2025-08-04 01:00:00,61.0,20.52
2025-08-04 02:00:00,61.0,20.5
2025-08-04 03:00:00,61.0,20.5
2025-08-04 04:00:00,61.0,20.42
2025-08-04 05:00:00,61.0,20.4
2025-08-04 06:00:00,61.0,20.4
2025-08-04 07:00:00,61.0,20.4
2025-08-04 08:00:00,60.3,20.4
2025-08-04 09:00:00,60.0,20.4
2025-08-04 10:00:00,60.0,20.4
2025-08-04 11:00:00,60.0,20.4
2025-08-04 12:00:00,60.0,20.48
2025-08-04 13:00:00,60.0,20.5
2025-08-04 14:00:00,60.0,20.57
2025-08-04 15:00:00,60.0,20.75
2025-08-04 16:00:00,60.0,20.88
2025-08-04 17:00:00,60.3,20.9
2025-08-04 18:00:00,61.0,20.9
2025-08-04 19:00:00,61.2,20.9
2025-08-04 20:00:00,62.0,20.9
2025-08-04 21:00:00,62.0,20.8
2025-08-04 22:00:00,62.0,20.8
2025-08-04 23:00:00,62.0,20.8
2025-08-05 00:00:00,62.0,20.8
2025-08-05 01:00:00,62.0,20.8
2025-08-05 02:00:00,62.0,20.8
2025-08-05 03:00:00,61.2,20.8
2025-08-05 04:00:00,61.0,20.8
2025-08-05 05:00:00,61.0,20.8
2025-08-05 06:00:00,61.0,20.8
2025-08-05 07:00:00,61.0,20.85
2025-08-05 08:00:00,61.0,20.9
2025-08-05 09:00:00,61.0,20.9
2025-08-05 10:00:00,61.0,20.9
2025-08-05 11:00:00,61.0,20.9
2025-08-05 12:00:00,61.0,21.0
2025-08-05 13:00:00,61.0,21.0
2025-08-05 14:00:00,61.0,21.0
2025-08-05 15:00:00,61.7,21.02
2025-08-05 16:00:00,62.0,21.1
2025-08-05 17:00:00,62.8,21.1
2025-08-05 18:00:00,62.7,21.2
2025-08-05 19:00:00,62.5,21.2
2025-08-05 20:00:00,63.0,21.2
2025-08-05 21:00:00,62.0,21.2
2025-08-05 22:00:00,62.0,21.2
2025-08-05 23:00:00,61.8,21.2
2025-08-06 00:00:00,61.0,21.2
2025-08-06 01:00:00,60.5,21.2
2025-08-06 02:00:00,60.0,21.2
2025-08-06 03:00:00,59.7,21.12
2025-08-06 04:00:00,59.0,21.1
2025-08-06 05:00:00,58.7,21.1
2025-08-06 06:00:00,58.3,21.1
2025-08-06 07:00:00,59.0,21.1
2025-08-06 08:00:00,59.0,21.1
2025-08-06 09:00:00,59.0,21.15
2025-08-06 10:00:00,59.0,21.2
2025-08-06 11:00:00,59.0,21.2
2025-08-06 12:00:00,59.0,21.28
2025-08-06 13:00:00,59.0,21.3
2025-08-06 14:00:00,60.0,21.35
2025-08-06 15:00:00,60.0,21.4
2025-08-06 16:00:00,60.0,21.4
2025-08-06 17:00:00,60.0,21.5
2025-08-06 18:00:00,60.0,21.5
2025-08-06 19:00:00,60.0,21.5
2025-08-06 20:00:00,60.0,21.5
2025-08-06 21:00:00,59.7,21.5
2025-08-06 22:00:00,59.0,21.5
2025-08-06 23:00:00,58.7,21.5
2025-08-07 00:00:00,58.0,21.42
2025-08-07 01:00:00,58.0,21.4
2025-08-07 02:00:00,57.2,21.4
2025-08-07 03:00:00,57.0,21.37
2025-08-07 05:00:00,56.0,21.3
2025-08-07 06:00:00,56.3,21.3
2025-08-07 07:00:00,57.0,21.3
2025-08-07 08:00:00,57.2,21.4
2025-08-07 09:00:00,58.0,21.45
2025-08-07 10:00:00,58.0,21.5
2025-08-07 11:00:00,58.0,21.55
2025-08-07 12:00:00,58.0,21.6
2025-08-07 13:00:00,58.2,21.67
2025-08-07 14:00:00,58.8,21.7
2025-08-07 15:00:00,59.0,21.77
2025-08-07 16:00:00,59.0,21.8
2025-08-07 17:00:00,59.0,21.87
2025-08-07 18:00:00,59.0,21.9
2025-08-07 20:00:00,59.0,22.0
2025-08-07 21:00:00,59.0,22.0
2025-08-07 22:00:00,59.3,22.0
2025-08-07 23:00:00,60.0,22.0
2025-08-08 00:00:00,60.0,22.0
2025-08-08 01:00:00,60.0,22.0
2025-08-08 02:00:00,60.0,22.0
2025-08-08 03:00:00,60.0,22.0
2025-08-08 04:00:00,60.0,22.0
2025-08-08 06:00:00,60.0,22.05
2025-08-08 07:00:00,60.0,22.1
2025-08-08 08:00:00,60.0,22.2
2025-08-08 09:00:00,60.0,22.25
2025-08-08 10:00:00,60.0,22.3
2025-08-08 11:00:00,60.0,22.4
2025-08-08 12:00:00,60.8,22.4
2025-08-08 13:00:00,61.0,22.5
2025-08-08 14:00:00,61.0,22.53
2025-08-08 15:00:00,61.0,22.6
2025-08-08 16:00:00,61.0,22.68
2025-08-08 17:00:00,61.0,22.75
2025-08-08 18:00:00,61.0,22.8
2025-08-08 20:00:00,61.0,22.9
2025-08-08 21:00:00,61.0,22.9
2025-08-08 22:00:00,61.0,22.9
2025-08-08 23:00:00,61.0,22.9
2025-08-09 00:00:00,62.0,22.9
2025-08-09 01:00:00,62.0,22.9
2025-08-09 02:00:00,61.7,22.83
2025-08-09 03:00:00,61.0,22.8
2025-08-09 04:00:00,61.0,22.8
2025-08-09 05:00:00,61.0,22.8
2025-08-09 06:00:00,61.0,22.85
2025-08-09 07:00:00,61.0,22.93
2025-08-09 08:00:00,61.0,23.03
2025-08-09 09:00:00,61.0,23.12
2025-08-09 10:00:00,61.0,23.22
2025-08-09 11:00:00,61.0,23.3
2025-08-09 12:00:00,61.0,23.37
2025-08-09 13:00:00,61.0,23.43
2025-08-09 14:00:00,61.0,23.5
2025-08-09 15:00:00,61.8,23.58
2025-08-09 16:00:00,62.0,23.8
2025-08-09 17:00:00,62.0,23.93
2025-08-09 18:00:00,62.0,24.0
2025-08-09 19:00:00,62.0,24.0
2025-08-09 20:00:00,62.0,24.0
2025-08-09 21:00:00,62.0,24.0
2025-08-09 22:00:00,62.0,24.0
2025-08-09 23:00:00,62.2,24.0
2025-08-10 00:00:00,63.0,24.0
2025-08-10 01:00:00,63.0,24.0
2025-08-10 02:00:00,63.0,24.0
2025-08-10 03:00:00,63.0,24.0
2025-08-10 04:00:00,62.5,23.9
2025-08-10 05:00:00,62.0,23.9
2025-08-10 06:00:00,62.0,23.92
2025-08-10 07:00:00,61.7,24.0
2025-08-10 08:00:00,61.7,24.07
2025-08-10 09:00:00,62.0,24.33
2025-08-10 10:00:00,62.0,24.4
2025-08-10 12:00:00,62.0,24.47
2025-08-10 13:00:00,62.0,24.5
2025-08-10 14:00:00,62.0,24.55
2025-08-10 15:00:00,63.0,24.6
2025-08-10 17:00:00,62.0,24.7
2025-08-10 18:00:00,62.0,24.78
2025-08-10 19:00:00,62.0,24.8
2025-08-10 20:00:00,62.0,24.8
2025-08-10 21:00:00,62.0,24.8
2025-08-10 22:00:00,61.7,24.7
2025-08-10 23:00:00,61.0,24.68
2025-08-11 00:00:00,60.0,24.6
2025-08-11 01:00:00,59.5,24.57
2025-08-11 02:00:00,58.7,24.5
2025-08-11 03:00:00,57.8,24.42
2025-08-11 04:00:00,57.0,24.35
2025-08-11 05:00:00,56.2,24.3
2025-08-11 06:00:00,56.8,24.3
2025-08-11 07:00:00,58.0,24.38
2025-08-11 08:00:00,58.0,24.47
2025-08-11 09:00:00,57.8,24.62
2025-08-11 10:00:00,58.0,24.78
2025-08-11 11:00:00,58.8,24.87
2025-08-11 12:00:00,59.0,24.9
2025-08-11 13:00:00,59.8,24.95
2025-08-11 14:00:00,60.0,25.0
2025-08-11 15:00:00,60.0,25.02
2025-08-11 16:00:00,60.0,25.1
2025-08-11 17:00:00,61.0,25.1
2025-08-11 18:00:00,61.0,25.13
2025-08-11 19:00:00,61.0,25.2
2025-08-11 21:00:00,61.0,25.12
2025-08-11 22:00:00,61.0,25.1
2025-08-11 23:00:00,61.0,25.1
2025-08-12 00:00:00,60.0,25.0
2025-08-12 01:00:00,59.8,25.0
2025-08-12 02:00:00,59.0,25.0
2025-08-12 03:00:00,59.0,24.95
2025-08-12 04:00:00,58.7,24.9
2025-08-12 05:00:00,58.0,24.9
2025-08-12 06:00:00,58.2,24.9
2025-08-12 07:00:00,59.0,24.92
2025-08-12 08:00:00,59.5,25.02
2025-08-12 09:00:00,59.8,25.12
2025-08-12 10:00:00,60.0,25.32
2025-08-12 11:00:00,60.0,25.48
2025-08-12 12:00:00,60.0,25.57
2025-08-12 13:00:00,60.5,25.6
2025-08-12 14:00:00,61.0,25.6
2025-08-12 15:00:00,61.0,25.67
2025-08-12 17:00:00,61.0,25.77
2025-08-12 20:00:00,61.0,25.8
2025-08-12 21:00:00,61.0,25.8
2025-08-12 22:00:00,61.0,25.8
2025-08-12 23:00:00,61.0,25.8
2025-08-13 00:00:00,61.0,25.8
2025-08-13 01:00:00,61.0,25.8
2025-08-13 02:00:00,61.0,25.72
2025-08-13 03:00:00,61.0,25.7
2025-08-13 04:00:00,61.0,25.7
2025-08-13 05:00:00,61.0,25.62
2025-08-13 06:00:00,61.0,25.65
2025-08-13 07:00:00,61.0,25.75
2025-08-13 08:00:00,61.0,25.9
2025-08-13 09:00:00,61.0,26.0
2025-08-13 10:00:00,61.0,26.07
2025-08-13 11:00:00,61.0,26.1
2025-08-13 12:00:00,61.0,26.15
2025-08-13 13:00:00,61.8,26.2
2025-08-13 14:00:00,62.0,26.27
2025-08-13 15:00:00,62.0,26.3
2025-08-13 16:00:00,62.0,26.35
2025-08-13 17:00:00,62.0,26.4
2025-08-13 18:00:00,62.0,26.4
2025-08-13 19:00:00,61.3,26.4
2025-08-13 20:00:00,61.0,26.4
2025-08-13 21:00:00,61.0,26.38
2025-08-13 22:00:00,61.0,26.3
2025-08-13 23:00:00,60.0,26.27
2025-08-14 00:00:00,59.8,26.18
2025-08-14 01:00:00,59.0,26.1
2025-08-14 02:00:00,59.0,26.1
2025-08-14 03:00:00,58.5,26.07
2025-08-14 04:00:00,58.0,26.0
2025-08-14 05:00:00,58.0,26.0
2025-08-14 06:00:00,58.0,26.0
2025-08-14 07:00:00,59.0,26.03
2025-08-14 08:00:00,59.0,26.15
2025-08-14 09:00:00,59.7,26.23
2025-08-14 10:00:00,59.8,26.3
2025-08-14 11:00:00,60.0,26.38
2025-08-14 12:00:00,60.0,26.4
2025-08-14 13:00:00,60.0,26.5
2025-08-14 14:00:00,60.0,26.57
2025-08-14 15:00:00,60.0,26.6
2025-08-14 16:00:00,60.0,26.68
2025-08-14 17:00:00,60.0,26.72
2025-08-14 18:00:00,60.0,26.8
2025-08-14 20:00:00,60.0,26.78
2025-08-14 21:00:00,60.0,26.7
2025-08-14 22:00:00,60.0,26.7
2025-08-14 23:00:00,59.5,26.65
2025-08-15 00:00:00,59.0,26.6
2025-08-15 03:00:00,59.0,26.5
2025-08-15 04:00:00,59.0,26.43
2025-08-15 05:00:00,59.0,26.4
2025-08-15 06:00:00,59.0,26.42
2025-08-15 07:00:00,59.0,26.5
2025-08-15 11:00:00,60.0,26.77
2025-08-15 12:00:00,60.0,26.85
2025-08-15 14:00:00,59.3,26.9
2025-08-15 15:00:00,59.0,26.8
2025-08-15 16:00:00,59.0,26.8
2025-08-15 17:00:00,59.0,26.8
2025-08-15 18:00:00,59.0,26.8
2025-08-15 19:00:00,59.0,26.8
2025-08-15 20:00:00,59.0,26.8
2025-08-15 21:00:00,59.0,26.7
2025-08-15 22:00:00,59.0,26.7
2025-08-15 23:00:00,59.0,26.7
2025-08-16 00:00:00,59.0,26.68
2025-08-16 02:00:00,59.0,26.6
2025-08-16 03:00:00,59.0,26.57
2025-08-16 04:00:00,58.3,26.5
2025-08-16 05:00:00,58.0,26.5
2025-08-16 06:00:00,58.5,26.5
2025-08-16 07:00:00,59.0,26.5
2025-08-16 08:00:00,59.0,26.5
2025-08-16 09:00:00,59.0,26.55
2025-08-16 10:00:00,59.2,26.67
2025-08-16 11:00:00,59.0,26.78
2025-08-16 12:00:00,59.0,26.8
2025-08-16 13:00:00,59.0,26.8
2025-08-16 14:00:00,59.8,26.87
2025-08-16 15:00:00,60.0,27.0
2025-08-16 16:00:00,60.0,26.98
2025-08-16 17:00:00,60.0,26.92
2025-08-16 18:00:00,60.0,26.93
2025-08-16 19:00:00,60.0,26.98
2025-08-16 20:00:00,60.0,26.9
2025-08-16 22:00:00,59.2,26.77
2025-08-16 23:00:00,59.0,26.68
2025-08-17 00:00:00,58.2,26.58
2025-08-17 01:00:00,58.0,26.5
2025-08-17 02:00:00,57.5,26.4
2025-08-17 03:00:00,56.8,26.3
2025-08-17 04:00:00,56.0,26.22
2025-08-17 05:00:00,56.0,26.13
2025-08-17 06:00:00,56.2,26.1
2025-08-17 07:00:00,53.8,25.98
2025-08-17 08:00:00,54.5,25.92
2025-08-17 09:00:00,55.0,26.1
2025-08-17 10:00:00,56.0,26.12
2025-08-17 11:00:00,56.0,26.13
2025-08-17 12:00:00,56.0,26.2
2025-08-17 13:00:00,56.3,26.2
2025-08-17 14:00:00,57.0,26.2
2025-08-17 15:00:00,57.0,26.2
2025-08-17 16:00:00,57.0,26.2
2025-08-17 17:00:00,57.0,26.2
2025-08-17 18:00:00,57.0,26.22
2025-08-17 19:00:00,56.2,26.3
2025-08-17 21:00:00,56.0,26.15
2025-08-17 22:00:00,56.0,26.1
2025-08-17 23:00:00,55.5,26.0
2025-08-18 00:00:00,55.0,25.93
2025-08-18 01:00:00,54.3,25.85
2025-08-18 02:00:00,53.5,25.75
2025-08-18 03:00:00,52.7,25.67
2025-08-18 04:00:00,51.8,25.57
2025-08-18 05:00:00,51.0,25.48
2025-08-18 06:00:00,50.7,25.4
2025-08-18 08:00:00,51.8,25.4
2025-08-18 09:00:00,52.7,25.43
2025-08-18 10:00:00,53.0,25.52
2025-08-18 11:00:00,53.8,25.58
2025-08-18 12:00:00,54.0,25.63
2025-08-18 13:00:00,54.0,25.73
2025-08-18 14:00:00,54.0,25.8
2025-08-18 15:00:00,54.0,25.8
2025-08-18 16:00:00,54.0,25.85
2025-08-18 17:00:00,53.0,25.9
2025-08-18 18:00:00,52.2,25.9
2025-08-18 19:00:00,52.0,25.9
2025-08-18 20:00:00,52.0,25.88
2025-08-18 21:00:00,52.0,25.8
2025-08-18 22:00:00,52.0,25.8
2025-08-18 23:00:00,52.0,25.73
2025-08-19 00:00:00,51.3,25.68
2025-08-19 01:00:00,51.0,25.6
2025-08-19 02:00:00,50.8,25.58
2025-08-19 03:00:00,50.0,25.5
2025-08-19 04:00:00,50.0,25.43
2025-08-19 06:00:00,50.0,25.32
2025-08-19 07:00:00,49.5,25.3
2025-08-19 08:00:00,50.0,25.38
2025-08-19 09:00:00,50.2,25.4
2025-08-19 10:00:00,51.0,25.48
2025-08-19 11:00:00,51.0,25.5
2025-08-19 12:00:00,51.5,25.58
2025-08-19 13:00:00,52.0,25.6
2025-08-19 14:00:00,52.0,25.62
2025-08-19 15:00:00,52.0,25.7
2025-08-19 16:00:00,52.0,25.7
2025-08-19 17:00:00,52.7,25.7
2025-08-19 18:00:00,53.0,25.7
2025-08-19 19:00:00,53.0,25.73
2025-08-19 20:00:00,53.0,25.7
2025-08-19 21:00:00,52.7,25.7
2025-08-19 22:00:00,52.0,25.7
2025-08-19 23:00:00,52.0,25.7
2025-08-20 00:00:00,52.0,25.62
2025-08-20 02:00:00,52.0,25.6
2025-08-20 03:00:00,52.0,25.6
2025-08-20 04:00:00,52.8,25.6
2025-08-20 05:00:00,53.0,25.6
2025-08-20 06:00:00,53.3,25.6
2025-08-20 08:00:00,56.8,25.6
2025-08-20 10:00:00,57.0,25.6
2025-08-20 11:00:00,57.0,25.6
2025-08-20 12:00:00,56.5,25.58
2025-08-20 13:00:00,56.0,25.57
2025-08-20 14:00:00,56.7,25.57
2025-08-20 15:00:00,57.0,25.58
2025-08-20 16:00:00,56.8,25.6
2025-08-20 17:00:00,56.2,25.6
2025-08-20 19:00:00,56.0,25.4
2025-08-20 20:00:00,56.0,25.4
2025-08-20 21:00:00,56.0,25.37
2025-08-20 22:00:00,56.0,25.3
2025-08-20 23:00:00,56.0,25.3
2025-08-21 00:00:00,56.0,25.2
2025-08-21 01:00:00,56.0,25.15
2025-08-21 02:00:00,56.0,25.1
2025-08-21 03:00:00,55.2,25.08
2025-08-21 04:00:00,55.2,25.0
2025-08-21 05:00:00,55.0,25.0
2025-08-21 06:00:00,55.0,24.9
2025-08-21 07:00:00,55.0,24.9
2025-08-21 08:00:00,55.0,24.9
2025-08-21 09:00:00,55.0,24.85
2025-08-21 10:00:00,55.0,24.8
2025-08-21 11:00:00,55.0,24.73
2025-08-21 12:00:00,55.0,24.7
2025-08-21 13:00:00,55.0,24.62
2025-08-21 14:00:00,55.0,24.6
2025-08-21 15:00:00,55.0,24.53
2025-08-21 16:00:00,55.0,24.47
2025-08-21 17:00:00,55.0,24.38
2025-08-21 18:00:00,55.5,24.3
2025-08-21 19:00:00,55.8,24.3
2025-08-21 20:00:00,56.0,24.3
2025-08-21 21:00:00,56.0,24.22
2025-08-21 22:00:00,56.0,24.2
2025-08-21 23:00:00,56.0,24.13
2025-08-22 00:00:00,56.0,24.1
2025-08-22 01:00:00,56.0,24.0
2025-08-22 02:00:00,56.0,23.97
2025-08-22 03:00:00,56.0,23.9
2025-08-22 04:00:00,56.0,23.83
2025-08-22 05:00:00,56.0,23.8
2025-08-22 06:00:00,56.0,23.7
2025-08-22 07:00:00,56.0,23.7
2025-08-22 08:00:00,56.0,23.68
2025-08-22 09:00:00,56.0,23.62
2025-08-22 10:00:00,56.0,23.6
2025-08-22 11:00:00,56.2,23.6
2025-08-22 12:00:00,56.8,23.65
2025-08-22 14:00:00,57.0,23.6
2025-08-22 15:00:00,57.0,23.6
2025-08-22 16:00:00,57.0,23.6
2025-08-22 17:00:00,57.0,23.6
2025-08-22 18:00:00,57.0,23.6
2025-08-22 19:00:00,57.0,23.58
2025-08-22 21:00:00,56.0,23.5
2025-08-22 22:00:00,56.0,23.42
2025-08-22 23:00:00,56.0,23.4
2025-08-23 00:00:00,56.0,23.3
2025-08-23 01:00:00,56.0,23.27
2025-08-23 02:00:00,55.5,23.2
2025-08-23 03:00:00,55.0,23.15
2025-08-23 04:00:00,55.0,23.1
2025-08-23 05:00:00,55.0,23.0
2025-08-23 06:00:00,54.5,22.95
2025-08-23 07:00:00,54.0,22.9
2025-08-23 08:00:00,53.8,22.9
2025-08-23 10:00:00,53.0,22.83
2025-08-23 11:00:00,53.0,22.9
2025-08-23 14:00:00,53.0,22.9
2025-08-23 15:00:00,53.0,22.9
2025-08-23 16:00:00,53.0,22.9
2025-08-23 17:00:00,53.0,22.9
2025-08-23 20:00:00,52.0,22.8
2025-08-23 22:00:00,53.0,22.7
2025-08-23 23:00:00,52.7,22.7
2025-08-24 00:00:00,52.0,22.63
2025-08-24 01:00:00,52.0,22.55
2025-08-24 02:00:00,51.7,22.48
2025-08-24 03:00:00,51.2,22.4
2025-08-24 05:00:00,51.0,22.3
2025-08-24 06:00:00,51.5,22.35
2025-08-24 07:00:00,49.0,22.08
2025-08-24 08:00:00,50.3,22.03
2025-08-24 09:00:00,51.0,22.35
2025-08-24 10:00:00,51.0,22.48
2025-08-24 11:00:00,51.0,22.5
2025-08-24 12:00:00,51.0,22.5
2025-08-24 13:00:00,51.0,22.5
2025-08-24 14:00:00,51.7,22.55
2025-08-24 15:00:00,52.0,22.65
2025-08-24 16:00:00,52.0,22.77
2025-08-24 17:00:00,52.0,22.78
2025-08-24 18:00:00,52.0,22.7
2025-08-24 19:00:00,52.0,22.68
2025-08-24 20:00:00,52.7,22.6
2025-08-24 22:00:00,52.2,22.5
2025-08-24 23:00:00,52.0,22.48
2025-08-25 00:00:00,52.0,22.4
2025-08-25 01:00:00,52.0,22.4
2025-08-25 02:00:00,52.0,22.3
2025-08-25 03:00:00,52.0,22.23
2025-08-25 04:00:00,51.7,22.17
2025-08-25 05:00:00,51.2,22.1
2025-08-25 06:00:00,51.0,22.05
2025-08-25 07:00:00,51.8,22.07
2025-08-25 08:00:00,52.0,22.1
2025-08-25 09:00:00,52.0,22.13
2025-08-25 10:00:00,52.0,22.2
2025-08-25 11:00:00,52.0,22.23
2025-08-25 12:00:00,52.2,22.3
2025-08-25 13:00:00,53.0,22.3
2025-08-25 14:00:00,53.0,22.35
2025-08-25 15:00:00,53.0,22.4
2025-08-25 16:00:00,53.0,22.45
2025-08-25 17:00:00,53.0,22.58
2025-08-25 18:00:00,53.0,22.6
2025-08-25 19:00:00,53.0,22.6
2025-08-25 20:00:00,53.8,22.6
2025-08-25 22:00:00,54.0,22.5
2025-08-25 23:00:00,54.0,22.5
2025-08-26 00:00:00,54.0,22.43
2025-08-26 02:00:00,54.0,22.4
2025-08-26 03:00:00,54.0,22.38
2025-08-26 04:00:00,54.0,22.3
2025-08-26 05:00:00,54.0,22.3
2025-08-26 06:00:00,54.0,22.3
2025-08-26 07:00:00,54.0,22.35
2025-08-26 08:00:00,54.0,22.4
2025-08-26 09:00:00,54.0,22.47
2025-08-26 10:00:00,54.0,22.48
2025-08-26 11:00:00,54.3,22.48
2025-08-26 12:00:00,54.8,22.53
2025-08-26 13:00:00,55.0,22.6
2025-08-26 14:00:00,55.0,22.6
2025-08-26 15:00:00,55.0,22.7
2025-08-26 16:00:00,55.0,22.7
2025-08-26 17:00:00,55.0,22.73
2025-08-26 18:00:00,55.0,22.8
2025-08-26 19:00:00,55.0,22.8
2025-08-26 20:00:00,55.3,22.73
2025-08-26 21:00:00,56.0,22.7
2025-08-26 22:00:00,56.0,22.7
2025-08-26 23:00:00,56.0,22.77
2025-08-27 01:00:00,56.0,22.8
2025-08-27 02:00:00,56.0,22.8
2025-08-27 03:00:00,56.5,22.8
2025-08-27 04:00:00,57.0,22.8
2025-08-27 06:00:00,57.0,22.8
2025-08-27 07:00:00,57.0,22.8
2025-08-27 08:00:00,58.0,22.92
2025-08-27 09:00:00,59.0,23.0
2025-08-27 10:00:00,58.5,23.03
2025-08-27 11:00:00,58.0,23.1
2025-08-27 12:00:00,58.7,23.12
2025-08-27 13:00:00,59.5,23.18
2025-08-27 14:00:00,60.0,23.23
2025-08-27 15:00:00,59.7,23.3
2025-08-27 16:00:00,59.0,23.3
2025-08-27 17:00:00,59.0,23.3
2025-08-27 18:00:00,59.0,23.35
2025-08-27 19:00:00,59.0,23.4
2025-08-27 20:00:00,59.0,23.4
2025-08-27 21:00:00,59.0,23.4
2025-08-27 22:00:00,59.0,23.38
2025-08-27 23:00:00,59.0,23.3
2025-08-28 00:00:00,59.7,23.3
2025-08-28 01:00:00,60.0,23.28
2025-08-28 02:00:00,59.0,23.3
2025-08-28 03:00:00,59.0,23.3
2025-08-28 04:00:00,59.0,23.23
2025-08-28 05:00:00,59.0,23.2
2025-08-28 06:00:00,59.0,23.2
2025-08-28 07:00:00,59.2,23.2
2025-08-28 08:00:00,59.0,23.27
2025-08-28 10:00:00,58.5,23.3
2025-08-28 11:00:00,58.0,23.33
2025-08-28 12:00:00,58.0,23.3
2025-08-28 14:00:00,59.0,23.3
2025-08-28 15:00:00,59.0,23.3
2025-08-28 16:00:00,59.0,23.3
2025-08-28 18:00:00,59.0,23.22
2025-08-28 19:00:00,59.0,23.2
2025-08-28 20:00:00,59.0,23.2
2025-08-28 21:00:00,59.0,23.1
2025-08-28 22:00:00,59.0,23.1
2025-08-28 23:00:00,59.0,23.0
2025-08-29 00:00:00,59.0,22.9
2025-08-29 01:00:00,59.0,22.9
2025-08-29 02:00:00,58.3,22.8
2025-08-29 03:00:00,58.0,22.77
2025-08-29 04:00:00,58.0,22.7
2025-08-29 05:00:00,58.0,22.62
2025-08-29 06:00:00,57.3,22.55
2025-08-29 07:00:00,57.7,22.5
2025-08-29 08:00:00,58.0,22.55
2025-08-29 10:00:00,57.2,22.5
2025-08-29 11:00:00,57.5,22.52
2025-08-29 12:00:00,57.0,22.6
2025-08-29 13:00:00,56.2,22.6
2025-08-29 14:00:00,56.0,22.5
2025-08-29 15:00:00,57.0,22.5
2025-08-29 17:00:00,57.0,22.5
2025-08-29 18:00:00,57.0,22.45
2025-08-29 19:00:00,57.0,22.4
2025-08-29 20:00:00,57.0,22.4
2025-08-29 21:00:00,57.0,22.38
2025-08-29 22:00:00,57.0,22.3
2025-08-29 23:00:00,57.0,22.3
2025-08-30 00:00:00,57.0,22.22
2025-08-30 01:00:00,56.7,22.17
2025-08-30 02:00:00,57.0,22.1
2025-08-30 03:00:00,56.7,22.1
2025-08-30 04:00:00,56.0,22.02
2025-08-30 06:00:00,56.0,21.95
2025-08-30 07:00:00,56.0,21.9
2025-08-30 09:00:00,55.7,21.9
2025-08-30 10:00:00,55.0,21.82
2025-08-30 11:00:00,55.5,21.8
2025-08-30 14:00:00,56.0,21.83
2025-08-30 15:00:00,56.5,21.9
2025-08-30 16:00:00,57.0,21.9
2025-08-30 18:00:00,56.0,21.9
2025-08-30 19:00:00,56.2,21.9
2025-08-30 20:00:00,56.7,21.9
2025-08-30 21:00:00,56.7,21.83
2025-08-30 22:00:00,56.8,21.8
2025-08-30 23:00:00,56.2,21.8
2025-08-31 00:00:00,56.0,21.75
2025-08-31 01:00:00,56.0,21.7
2025-08-31 03:00:00,56.0,21.6
2025-08-31 04:00:00,56.0,21.58
2025-08-31 06:00:00,55.8,21.5
2025-08-31 08:00:00,56.0,21.48
2025-08-31 10:00:00,56.0,21.8
2025-08-31 11:00:00,56.0,21.8
2025-08-31 12:00:00,56.0,21.8
2025-08-31 13:00:00,57.0,21.8
2025-08-31 14:00:00,57.0,21.8
2025-08-31 15:00:00,57.0,21.8
2025-08-31 16:00:00,57.0,21.8
2025-08-31 17:00:00,57.0,21.8
2025-08-31 18:00:00,57.0,21.8
2025-08-31 19:00:00,57.0,21.8
2025-08-31 20:00:00,57.0,21.8
2025-08-31 21:00:00,57.0,21.8
2025-08-31 22:00:00,57.0,21.8
2025-08-31 23:00:00,57.0,21.8
2025-09-01 00:00:00,57.0,21.8
2025-09-01 01:00:00,57.0,21.75
2025-09-01 02:00:00,57.0,21.72
2025-09-01 03:00:00,57.0,21.7
2025-09-01 04:00:00,57.0,21.7
2025-09-01 05:00:00,57.0,21.7
2025-09-01 06:00:00,57.0,21.7
2025-09-01 07:00:00,57.0,21.7
2025-09-01 08:00:00,57.0,21.8
2025-09-01 09:00:00,57.0,21.95
2025-09-01 10:00:00,57.0,22.1
2025-09-01 11:00:00,56.8,22.12
2025-09-01 12:00:00,57.0,22.1
2025-09-01 14:00:00,58.0,22.1
2025-09-01 15:00:00,58.0,22.08
2025-09-01 16:00:00,58.0,22.0
2025-09-01 17:00:00,58.0,22.0
2025-09-01 18:00:00,58.5,21.92
2025-09-01 19:00:00,58.0,21.83
2025-09-01 20:00:00,58.0,21.87
2025-09-01 22:00:00,58.0,21.8
2025-09-01 23:00:00,58.0,21.73
2025-09-02 00:00:00,58.0,21.7
2025-09-02 01:00:00,58.0,21.68
2025-09-02 02:00:00,58.0,21.6
2025-09-02 03:00:00,58.0,21.6
2025-09-02 04:00:00,58.0,21.52
2025-09-02 06:00:00,58.0,21.43
2025-09-02 07:00:00,58.0,21.4
2025-09-02 08:00:00,58.0,21.4
2025-09-02 10:00:00,58.0,21.4
2025-09-02 11:00:00,58.0,21.4
2025-09-02 12:00:00,58.0,21.4
2025-09-02 13:00:00,58.0,21.43
2025-09-02 14:00:00,58.0,21.5
2025-09-02 15:00:00,58.0,21.45
2025-09-02 16:00:00,58.0,21.47
2025-09-02 17:00:00,58.0,21.42
2025-09-02 19:00:00,58.0,21.4
2025-09-02 20:00:00,58.0,21.4
2025-09-02 22:00:00,58.0,21.3
2025-09-02 23:00:00,58.0,21.3
2025-09-03 00:00:00,58.0,21.2
2025-09-03 01:00:00,58.0,21.2
2025-09-03 02:00:00,57.5,21.17
2025-09-03 03:00:00,57.0,21.1
2025-09-03 04:00:00,57.0,21.1
2025-09-03 06:00:00,57.0,21.0
2025-09-03 07:00:00,57.0,21.0
2025-09-03 08:00:00,57.0,21.07
2025-09-03 09:00:00,57.0,21.08
2025-09-03 10:00:00,57.0,21.1
2025-09-03 11:00:00,57.0,21.1
2025-09-03 12:00:00,57.0,21.1
2025-09-03 13:00:00,57.0,21.1
2025-09-03 14:00:00,57.0,21.13
2025-09-03 15:00:00,58.0,21.2
2025-09-03 16:00:00,58.0,21.2
2025-09-03 17:00:00,58.0,21.23
2025-09-03 18:00:00,58.0,21.3
2025-09-03 19:00:00,58.0,21.3
2025-09-03 20:00:00,58.0,21.3
2025-09-03 21:00:00,58.0,21.3
2025-09-03 22:00:00,58.0,21.3
2025-09-03 23:00:00,58.0,21.3
2025-09-04 00:00:00,58.0,21.3
2025-09-04 01:00:00,58.0,21.3
2025-09-04 02:00:00,58.0,21.3
2025-09-04 03:00:00,58.0,21.3
2025-09-04 04:00:00,58.0,21.3
2025-09-04 05:00:00,58.2,21.3
2025-09-04 06:00:00,59.0,21.3
2025-09-04 07:00:00,59.0,21.33
2025-09-04 08:00:00,59.0,21.4
2025-09-04 10:00:00,59.0,21.4
2025-09-04 11:00:00,59.0,21.43
2025-09-04 12:00:00,59.0,21.5
2025-09-04 13:00:00,59.0,21.5
2025-09-04 14:00:00,59.2,21.5
2025-09-04 15:00:00,59.7,21.5
2025-09-04 16:00:00,60.7,21.5
2025-09-04 17:00:00,60.0,21.5
2025-09-04 18:00:00,60.0,21.5
2025-09-04 19:00:00,60.0,21.5
2025-09-04 20:00:00,60.0,21.5
2025-09-04 21:00:00,60.0,21.5
2025-09-04 22:00:00,60.0,21.43
2025-09-04 23:00:00,60.0,21.4
2025-09-05 00:00:00,60.0,21.4
2025-09-05 02:00:00,60.0,21.32
2025-09-05 03:00:00,60.0,21.3
2025-09-05 04:00:00,60.0,21.25
2025-09-05 05:00:00,60.0,21.2
2025-09-05 06:00:00,60.0,21.2
2025-09-05 07:00:00,60.0,21.13
2025-09-05 08:00:00,60.0,21.1
2025-09-05 10:00:00,60.0,21.07
2025-09-05 11:00:00,60.0,21.0
2025-09-05 12:00:00,60.0,21.0
2025-09-05 13:00:00,60.0,21.0
2025-09-05 14:00:00,59.0,21.0
2025-09-05 15:00:00,59.0,21.0
2025-09-05 16:00:00,59.0,21.02
2025-09-05 17:00:00,59.0,21.05
2025-09-05 18:00:00,59.0,21.0
2025-09-05 20:00:00,59.0,20.97
2025-09-05 22:00:00,59.0,20.83
2025-09-05 23:00:00,59.0,20.8
2025-09-06 00:00:00,59.0,20.72
2025-09-06 01:00:00,58.7,20.65
2025-09-06 02:00:00,58.0,20.6
2025-09-06 03:00:00,58.0,20.5
2025-09-06 04:00:00,58.0,20.48
2025-09-06 05:00:00,58.0,20.4
2025-09-06 06:00:00,58.0,20.4
2025-09-06 07:00:00,58.0,20.4
2025-09-06 08:00:00,58.0,20.4
2025-09-06 09:00:00,58.0,20.4
2025-09-06 10:00:00,58.0,20.42
2025-09-06 11:00:00,58.0,20.5
2025-09-06 12:00:00,58.0,20.5
2025-09-06 13:00:00,58.0,20.5
2025-09-06 14:00:00,58.0,20.57
2025-09-06 15:00:00,58.0,20.6
2025-09-06 16:00:00,58.0,20.6
2025-09-06 17:00:00,58.0,20.6
2025-09-06 18:00:00,58.0,20.6
2025-09-06 19:00:00,58.0,20.6
2025-09-06 20:00:00,58.2,20.6
2025-09-06 21:00:00,59.0,20.6
2025-09-06 22:00:00,59.0,20.53
2025-09-06 23:00:00,59.0,20.5
2025-09-07 00:00:00,59.0,20.5
2025-09-07 01:00:00,59.0,20.45
2025-09-07 03:00:00,58.0,20.4
2025-09-07 04:00:00,58.0,20.3
2025-09-07 06:00:00,58.0,20.23
2025-09-07 07:00:00,58.0,20.27
2025-09-07 08:00:00,58.0,20.3
2025-09-07 09:00:00,58.0,20.3
2025-09-07 10:00:00,58.0,20.33
2025-09-07 11:00:00,58.0,20.4
2025-09-07 12:00:00,58.0,20.4
2025-09-07 13:00:00,58.0,20.5
2025-09-07 14:00:00,58.0,20.52
2025-09-07 15:00:00,58.2,20.6
2025-09-07 16:00:00,59.0,20.6
2025-09-07 17:00:00,59.0,20.7
2025-09-07 18:00:00,59.0,20.7
2025-09-07 19:00:00,59.0,20.7
2025-09-07 20:00:00,59.0,20.7
2025-09-07 21:00:00,59.0,20.7
2025-09-07 22:00:00,59.5,20.7
2025-09-07 23:00:00,60.0,20.7
2025-09-08 00:00:00,60.0,20.7
2025-09-08 02:00:00,60.0,20.7
2025-09-08 03:00:00,60.0,20.7
2025-09-08 04:00:00,60.0,20.7
2025-09-08 05:00:00,60.0,20.7
2025-09-08 06:00:00,60.0,20.7
2025-09-08 07:00:00,60.0,20.7
2025-09-08 08:00:00,60.0,20.73
2025-09-08 09:00:00,60.0,20.8
2025-09-08 10:00:00,60.0,20.8
2025-09-08 11:00:00,60.0,20.82
2025-09-08 12:00:00,60.0,20.9
2025-09-08 14:00:00,60.0,20.9
2025-09-08 15:00:00,60.0,20.9
2025-09-08 16:00:00,60.0,21.0
2025-09-08 17:00:00,60.0,21.0
2025-09-08 18:00:00,60.0,21.0
2025-09-08 20:00:00,60.7,21.0
2025-09-08 22:00:00,61.0,21.0
2025-09-08 23:00:00,61.0,21.0
2025-09-09 00:00:00,61.0,21.0
2025-09-09 02:00:00,61.0,21.0
2025-09-09 03:00:00,61.0,20.98
2025-09-09 04:00:00,61.5,20.93
2025-09-09 05:00:00,61.5,20.9
2025-09-09 06:00:00,61.0,20.9
2025-09-09 09:00:00,61.2,20.93
2025-09-09 10:00:00,61.2,21.0
2025-09-09 11:00:00,61.0,20.95
2025-09-09 12:00:00,61.0,20.92
2025-09-09 13:00:00,61.0,21.0
2025-09-09 14:00:00,61.0,21.0
2025-09-09 15:00:00,61.0,21.0
2025-09-09 16:00:00,61.0,21.0
2025-09-09 17:00:00,61.0,21.0
2025-09-09 19:00:00,62.0,21.0
2025-09-09 20:00:00,62.0,21.0
2025-09-09 21:00:00,62.0,20.92
2025-09-09 22:00:00,62.0,20.9
2025-09-09 23:00:00,62.0,20.87
2025-09-10 00:00:00,61.0,20.8
2025-09-10 01:00:00,61.0,20.8
2025-09-10 02:00:00,61.0,20.8
2025-09-10 03:00:00,61.0,20.7
2025-09-10 04:00:00,61.0,20.7
2025-09-10 05:00:00,61.0,20.7
2025-09-10 06:00:00,61.0,20.63
2025-09-10 07:00:00,61.0,20.6
2025-09-10 08:00:00,61.0,20.6
2025-09-10 09:00:00,61.0,20.6
2025-09-10 10:00:00,61.2,20.6
2025-09-10 11:00:00,62.0,20.62
2025-09-10 12:00:00,62.0,20.67
2025-09-10 13:00:00,62.0,20.7
2025-09-10 14:00:00,62.0,20.7
2025-09-10 16:00:00,62.0,20.7
2025-09-10 17:00:00,62.0,20.7
2025-09-10 18:00:00,62.0,20.7
2025-09-10 19:00:00,62.0,20.7
2025-09-10 20:00:00,62.0,20.7
2025-09-10 21:00:00,62.0,20.7
2025-09-10 22:00:00,62.0,20.65
2025-09-10 23:00:00,62.0,20.6
2025-09-11 00:00:00,62.0,20.6
2025-09-11 01:00:00,62.0,20.6
2025-09-11 03:00:00,62.0,20.5
2025-09-11 04:00:00,62.0,20.5
2025-09-11 05:00:00,62.0,20.5
2025-09-11 06:00:00,62.0,20.5
2025-09-11 07:00:00,62.0,20.5
2025-09-11 08:00:00,62.0,20.5
2025-09-11 09:00:00,62.0,20.5
2025-09-11 10:00:00,61.3,20.5
2025-09-11 11:00:00,61.0,20.5
2025-09-11 12:00:00,60.8,20.5
2025-09-11 13:00:00,59.0,20.35
2025-09-11 14:00:00,58.8,20.05
2025-09-11 17:00:00,55.3,19.73
2025-09-11 18:00:00,56.0,19.6
2025-09-11 19:00:00,56.0,19.47
2025-09-11 20:00:00,55.2,19.37
2025-09-11 21:00:00,55.0,19.23
2025-09-11 22:00:00,55.0,19.07
2025-09-11 23:00:00,56.0,18.85
2025-09-12 00:00:00,56.8,18.63
2025-09-12 01:00:00,59.8,18.43
2025-09-12 02:00:00,62.2,18.4
2025-09-12 03:00:00,62.2,18.33
2025-09-12 04:00:00,63.0,18.07
2025-09-12 05:00:00,66.0,17.95
2025-09-12 06:00:00,66.0,17.83
2025-09-12 07:00:00,67.3,17.8
2025-09-12 08:00:00,68.2,17.83
2025-09-12 09:00:00,67.0,17.9
2025-09-12 10:00:00,64.7,18.0
2025-09-12 11:00:00,63.7,18.13
2025-09-12 12:00:00,63.0,18.15
2025-09-12 13:00:00,62.3,18.13
2025-09-12 14:00:00,62.0,18.22
2025-09-12 15:00:00,61.8,18.3
2025-09-12 16:00:00,61.3,18.4
2025-09-12 17:00:00,63.0,18.33
2025-09-12 18:00:00,63.0,18.23
2025-09-12 19:00:00,63.0,18.12
2025-09-12 20:00:00,63.0,17.98
2025-09-12 21:00:00,63.7,17.72
2025-09-12 22:00:00,64.0,17.47
2025-09-12 23:00:00,64.2,17.18
2025-09-13 00:00:00,64.7,16.98
2025-09-13 01:00:00,64.7,16.72
2025-09-13 02:00:00,65.0,16.57
2025-09-13 03:00:00,64.2,16.42
2025-09-13 04:00:00,64.5,16.22
2025-09-13 05:00:00,64.0,16.03
2025-09-13 06:00:00,65.5,15.9
2025-09-13 07:00:00,67.3,15.93
2025-09-13 08:00:00,69.2,16.28
2025-09-13 09:00:00,70.0,16.75
2025-09-13 10:00:00,68.5,17.28
2025-09-13 11:00:00,65.7,17.77
2025-09-13 12:00:00,63.2,18.18
2025-09-13 13:00:00,62.3,18.4
2025-09-13 14:00:00,63.0,18.55
2025-09-13 15:00:00,63.0,18.73
2025-09-13 16:00:00,64.0,18.82
2025-09-13 17:00:00,64.8,18.85
2025-09-13 19:00:00,64.2,18.7
2025-09-13 20:00:00,63.3,18.57
2025-09-13 21:00:00,63.3,18.42
2025-09-13 22:00:00,64.2,18.35
2025-09-13 23:00:00,67.3,18.25
2025-09-14 00:00:00,69.0,18.15
2025-09-14 01:00:00,69.0,18.07
2025-09-14 03:00:00,70.0,17.9
2025-09-14 04:00:00,70.0,17.82
2025-09-14 05:00:00,69.2,17.77
2025-09-14 06:00:00,68.7,17.97
2025-09-14 08:00:00,67.7,18.55
2025-09-14 09:00:00,67.3,18.9
2025-09-14 10:00:00,64.8,19.47
2025-09-14 11:00:00,63.7,19.22
2025-09-14 13:00:00,62.3,19.37
2025-09-14 14:00:00,63.0,19.43
2025-09-14 15:00:00,63.0,19.5
2025-09-14 16:00:00,63.0,19.6
2025-09-14 17:00:00,63.7,19.6
2025-09-14 18:00:00,63.0,19.7
2025-09-14 19:00:00,64.2,19.68
2025-09-14 20:00:00,65.3,19.68
2025-09-14 21:00:00,66.0,19.67
2025-09-14 22:00:00,66.8,19.6
2025-09-14 23:00:00,68.0,19.6
2025-09-15 00:00:00,68.0,19.62
2025-09-15 01:00:00,68.3,19.67
2025-09-15 02:00:00,69.0,19.6
2025-09-15 03:00:00,69.0,19.52
2025-09-15 04:00:00,69.0,19.53
2025-09-15 05:00:00,68.3,19.6
2025-09-15 06:00:00,68.0,19.65
2025-09-15 07:00:00,68.0,19.78
2025-09-15 08:00:00,67.5,19.88
2025-09-15 09:00:00,67.8,20.02
2025-09-15 10:00:00,66.7,20.18
2025-09-15 11:00:00,66.3,20.3
2025-09-15 12:00:00,65.8,20.42
2025-09-15 13:00:00,63.0,20.57
2025-09-15 14:00:00,62.0,20.77
2025-09-15 15:00:00,62.5,20.8
2025-09-15 16:00:00,61.5,20.8
2025-09-15 17:00:00,62.2,20.8
2025-09-15 18:00:00,68.7,20.65
2025-09-15 20:00:00,65.3,20.22
2025-09-15 21:00:00,64.7,20.0
2025-09-15 22:00:00,64.3,19.72
2025-09-15 23:00:00,60.5,19.47
2025-09-16 00:00:00,60.2,19.3
2025-09-16 01:00:00,60.0,19.2
2025-09-16 02:00:00,59.5,19.08
2025-09-16 03:00:00,58.3,18.93
2025-09-16 04:00:00,57.8,18.72
2025-09-16 05:00:00,58.5,18.48
2025-09-16 06:00:00,59.7,18.4
2025-09-16 07:00:00,59.0,18.37
2025-09-16 08:00:00,57.5,18.5
2025-09-16 09:00:00,56.8,18.6
2025-09-16 12:00:00,55.5,18.7
2025-09-16 13:00:00,54.8,18.73
2025-09-16 15:00:00,53.8,18.72
2025-09-16 16:00:00,53.0,18.52
2025-09-16 17:00:00,53.0,18.35
2025-09-16 18:00:00,53.3,18.18
2025-09-16 20:00:00,55.5,17.97
2025-09-16 21:00:00,56.0,17.83
2025-09-16 22:00:00,56.8,17.67
2025-09-16 23:00:00,57.5,17.52
2025-09-17 00:00:00,58.7,17.38
2025-09-17 01:00:00,60.0,17.23
2025-09-17 02:00:00,60.8,17.15
2025-09-17 03:00:00,62.0,17.05
2025-09-17 04:00:00,62.3,17.0
2025-09-17 05:00:00,63.2,16.92
2025-09-17 06:00:00,63.0,16.93
2025-09-17 07:00:00,62.5,17.05
2025-09-17 09:00:00,58.2,17.42
2025-09-17 10:00:00,57.5,17.63
2025-09-17 12:00:00,57.2,18.13
2025-09-17 13:00:00,57.0,18.32
2025-09-17 14:00:00,56.5,18.57
2025-09-17 15:00:00,56.2,18.7
2025-09-17 16:00:00,55.8,18.73
2025-09-17 17:00:00,57.0,18.8
2025-09-17 18:00:00,58.7,18.72
2025-09-17 19:00:00,59.8,18.63
2025-09-17 20:00:00,61.0,18.5
2025-09-17 21:00:00,62.3,18.32
2025-09-17 22:00:00,63.8,18.2
2025-09-17 23:00:00,64.0,18.0
2025-09-18 00:00:00,65.0,17.7
2025-09-18 01:00:00,65.3,17.4
2025-09-18 02:00:00,66.0,17.17
2025-09-18 03:00:00,66.0,16.97
2025-09-18 04:00:00,66.0,16.8
2025-09-18 05:00:00,66.0,16.57
2025-09-18 06:00:00,67.2,16.52
2025-09-18 07:00:00,68.0,16.77
2025-09-18 08:00:00,66.7,17.28
2025-09-18 09:00:00,64.5,17.9
2025-09-18 10:00:00,63.0,18.33
2025-09-18 11:00:00,62.0,18.7
2025-09-18 12:00:00,62.0,18.97
2025-09-18 13:00:00,62.0,19.22
2025-09-18 14:00:00,61.2,19.42
2025-09-18 15:00:00,61.0,19.58
2025-09-18 16:00:00,61.0,19.73
2025-09-18 18:00:00,61.0,19.72
2025-09-18 19:00:00,61.7,19.43
2025-09-18 20:00:00,63.0,19.05
2025-09-18 21:00:00,63.8,18.75
2025-09-18 22:00:00,64.7,18.45
2025-09-19 00:00:00,65.0,17.85
2025-09-19 01:00:00,65.3,17.53
2025-09-19 02:00:00,65.0,17.28
2025-09-19 03:00:00,65.0,17.0
2025-09-19 04:00:00,65.0,16.7
2025-09-19 05:00:00,65.0,16.47
2025-09-19 06:00:00,65.7,16.38
2025-09-19 07:00:00,67.2,16.55
2025-09-19 08:00:00,68.5,16.93
2025-09-19 09:00:00,68.0,17.45
2025-09-19 10:00:00,64.7,18.1
2025-09-19 11:00:00,63.5,18.67
2025-09-19 12:00:00,62.3,19.03
2025-09-19 13:00:00,62.0,19.3
2025-09-19 14:00:00,62.2,19.55
2025-09-19 15:00:00,63.0,19.75
2025-09-19 16:00:00,63.0,19.95
2025-09-19 17:00:00,63.0,20.1
2025-09-19 18:00:00,63.0,20.2
2025-09-19 19:00:00,65.5,20.15
2025-09-19 20:00:00,68.7,20.0
2025-09-19 22:00:00,71.0,19.82
2025-09-19 23:00:00,71.8,19.57
2025-09-20 00:00:00,72.0,19.4
2025-09-20 01:00:00,72.0,19.27
2025-09-20 02:00:00,72.0,19.13
2025-09-20 03:00:00,72.0,18.93
2025-09-20 04:00:00,72.0,18.77
2025-09-20 05:00:00,71.8,18.57
2025-09-20 06:00:00,72.5,18.5
2025-09-20 07:00:00,72.3,18.68
2025-09-20 08:00:00,70.3,18.93
2025-09-20 09:00:00,69.2,19.3
2025-09-20 10:00:00,68.0,19.68
2025-09-20 11:00:00,67.0,20.0
2025-09-20 12:00:00,67.0,20.23
2025-09-20 13:00:00,68.0,20.43
2025-09-20 14:00:00,68.3,20.63
2025-09-20 15:00:00,68.7,20.82
2025-09-20 16:00:00,68.0,20.97
2025-09-20 17:00:00,68.0,21.08
2025-09-20 18:00:00,67.3,21.18
2025-09-20 19:00:00,67.2,21.17
2025-09-20 20:00:00,68.8,20.97
2025-09-20 21:00:00,70.7,20.75
2025-09-20 22:00:00,72.0,20.65
2025-09-20 23:00:00,73.0,20.53
2025-09-21 00:00:00,73.0,20.37
2025-09-21 01:00:00,73.0,20.15
2025-09-21 02:00:00,73.5,19.98
2025-09-21 03:00:00,74.0,19.85
2025-09-21 04:00:00,73.3,19.67
2025-09-21 05:00:00,74.0,19.6
2025-09-21 06:00:00,73.3,19.75
2025-09-21 07:00:00,70.8,20.12
2025-09-21 08:00:00,70.7,20.6
2025-09-21 09:00:00,70.0,20.93
2025-09-21 10:00:00,69.3,21.13
2025-09-21 12:00:00,65.8,20.95
2025-09-21 15:00:00,67.7,21.23
2025-09-21 16:00:00,69.3,21.35
2025-09-21 17:00:00,70.7,21.13
2025-09-21 18:00:00,73.7,20.37
2025-09-21 19:00:00,74.0,20.05
2025-09-21 20:00:00,74.3,19.85
2025-09-21 21:00:00,75.0,19.67
2025-09-21 22:00:00,75.0,19.53
2025-09-21 23:00:00,75.0,19.43
2025-09-22 00:00:00,75.0,19.32
2025-09-22 01:00:00,75.0,19.2
2025-09-22 02:00:00,75.0,19.07
2025-09-22 03:00:00,75.0,18.9
2025-09-22 05:00:00,70.5,17.77
2025-09-22 06:00:00,69.3,17.25
2025-09-22 07:00:00,69.8,16.85
2025-09-22 10:00:00,71.8,16.6
2025-09-22 11:00:00,71.2,16.68
2025-09-22 12:00:00,71.7,16.7
2025-09-22 13:00:00,72.0,16.7
2025-09-22 14:00:00,72.0,16.75
2025-09-22 15:00:00,71.5,16.72
2025-09-22 16:00:00,72.5,16.68
2025-09-22 17:00:00,72.5,16.6
2025-09-22 18:00:00,72.0,16.5
2025-09-22 19:00:00,71.8,16.42
2025-09-22 20:00:00,72.8,16.35
2025-09-22 21:00:00,72.8,16.27
2025-09-22 22:00:00,73.0,16.2
2025-09-22 23:00:00,72.0,16.1
2025-09-23 00:00:00,72.0,15.95
2025-09-23 01:00:00,71.3,15.83
2025-09-23 02:00:00,71.3,15.65
2025-09-23 03:00:00,71.0,15.52
2025-09-23 05:00:00,70.0,15.07
2025-09-23 06:00:00,69.5,14.97
2025-09-23 08:00:00,70.5,14.88
2025-09-23 10:00:00,69.7,15.1
2025-09-23 11:00:00,70.2,15.2
2025-09-23 12:00:00,71.2,15.32
2025-09-23 13:00:00,71.0,15.42
2025-09-23 14:00:00,72.7,15.32
2025-09-23 15:00:00,73.2,15.13
2025-09-23 16:00:00,73.7,15.02
2025-09-23 17:00:00,72.8,14.93
2025-09-23 18:00:00,73.0,14.9
2025-09-23 19:00:00,73.0,14.9
2025-09-23 20:00:00,73.0,14.9
2025-09-23 21:00:00,73.0,14.87
2025-09-23 22:00:00,73.5,14.8
2025-09-23 23:00:00,73.8,14.8
2025-09-24 00:00:00,74.0,14.77
2025-09-24 01:00:00,74.0,14.72
2025-09-24 02:00:00,74.0,14.72
2025-09-24 03:00:00,74.0,14.7
2025-09-24 04:00:00,74.5,14.7
2025-09-24 05:00:00,75.0,14.7
2025-09-24 06:00:00,75.0,14.7
2025-09-24 07:00:00,75.0,14.75
2025-09-24 08:00:00,75.0,14.8
2025-09-24 11:00:00,75.2,14.8
2025-09-24 12:00:00,75.0,14.8
2025-09-24 13:00:00,75.2,14.78
2025-09-24 14:00:00,75.7,14.7
2025-09-24 15:00:00,74.8,14.68
2025-09-24 16:00:00,75.0,14.68
2025-09-24 17:00:00,74.2,14.55
2025-09-24 18:00:00,74.2,14.5
2025-09-24 19:00:00,74.5,14.43
2025-09-24 20:00:00,74.0,14.35
2025-09-24 21:00:00,74.0,14.28
2025-09-24 22:00:00,74.0,14.2
2025-09-24 23:00:00,73.8,14.18
2025-09-25 00:00:00,73.0,14.1
2025-09-25 01:00:00,73.0,14.0
2025-09-25 02:00:00,73.0,14.0
2025-09-25 03:00:00,73.0,14.0
2025-09-25 04:00:00,73.0,14.0
2025-09-25 05:00:00,73.0,14.0
2025-09-25 06:00:00,73.7,13.97
2025-09-25 07:00:00,73.0,14.02
2025-09-25 10:00:00,70.7,14.28
2025-09-25 11:00:00,70.0,14.38
2025-09-25 12:00:00,69.7,14.42
2025-09-25 14:00:00,68.3,14.6
2025-09-25 15:00:00,67.3,14.6
2025-09-25 17:00:00,68.8,14.57
2025-09-25 18:00:00,69.0,14.55
2025-09-25 19:00:00,69.2,14.45
2025-09-25 21:00:00,70.0,14.2
2025-09-25 22:00:00,70.5,14.1
2025-09-25 23:00:00,71.0,13.97
2025-09-26 00:00:00,71.0,13.82
2025-09-26 01:00:00,71.5,13.73
2025-09-26 02:00:00,72.3,13.8
2025-09-26 03:00:00,72.0,13.8
2025-09-26 04:00:00,72.0,13.8
2025-09-26 05:00:00,72.3,13.8
2025-09-26 06:00:00,72.8,13.8
2025-09-26 08:00:00,73.0,13.9
2025-09-26 10:00:00,72.2,14.25
2025-09-26 11:00:00,70.8,14.53
2025-09-26 12:00:00,69.7,14.82
2025-09-26 13:00:00,69.7,14.95
2025-09-26 15:00:00,71.5,15.12
2025-09-26 17:00:00,72.2,14.85
2025-09-26 18:00:00,72.3,14.63
2025-09-26 19:00:00,72.0,14.47
2025-09-26 20:00:00,72.2,14.37
2025-09-26 21:00:00,73.0,14.3
2025-09-26 22:00:00,73.7,14.3
2025-09-26 23:00:00,72.5,14.2
2025-09-27 00:00:00,72.3,14.08
2025-09-27 01:00:00,72.0,13.98
2025-09-27 02:00:00,72.0,13.9
2025-09-27 03:00:00,72.0,13.9
2025-09-27 04:00:00,73.0,13.82
2025-09-27 05:00:00,73.5,13.82
2025-09-27 06:00:00,74.0,13.9
2025-09-27 07:00:00,73.3,13.9
2025-09-27 08:00:00,73.0,13.92
2025-09-27 09:00:00,73.3,13.95
2025-09-27 10:00:00,72.8,13.95
2025-09-27 11:00:00,72.3,14.12
2025-09-27 12:00:00,72.0,14.28
2025-09-27 13:00:00,71.5,14.45
2025-09-27 14:00:00,71.7,14.63
2025-09-27 15:00:00,70.5,14.7
2025-09-27 16:00:00,71.0,14.73
2025-09-27 17:00:00,72.0,14.8
2025-09-27 18:00:00,72.0,14.8
2025-09-27 19:00:00,72.0,14.75
2025-09-27 20:00:00,72.0,14.55
2025-09-27 21:00:00,71.2,14.32
2025-09-27 22:00:00,71.0,14.08
2025-09-27 23:00:00,71.0,13.92
2025-09-28 00:00:00,72.0,13.93
2025-09-28 01:00:00,72.7,13.98
2025-09-28 02:00:00,72.8,13.92
2025-09-28 03:00:00,73.0,13.98
2025-09-28 04:00:00,73.5,14.02
2025-09-28 05:00:00,74.0,14.1
2025-09-28 06:00:00,74.0,14.15
2025-09-28 07:00:00,74.3,14.27
2025-09-28 09:00:00,73.8,14.6
2025-09-28 10:00:00,73.0,14.83
2025-09-28 11:00:00,73.2,15.05
2025-09-28 12:00:00,72.0,15.3
2025-09-28 13:00:00,71.0,15.53
2025-09-28 14:00:00,70.3,15.73
2025-09-28 15:00:00,69.5,15.82
2025-09-28 16:00:00,69.2,15.9
2025-09-28 17:00:00,70.5,15.83
2025-09-28 18:00:00,71.0,15.65
2025-09-28 19:00:00,71.0,15.4
2025-09-28 20:00:00,71.0,15.18
2025-09-28 21:00:00,71.0,15.08
2025-09-28 22:00:00,71.8,15.0
2025-09-28 23:00:00,71.3,14.85
2025-09-29 00:00:00,71.0,14.65
2025-09-29 01:00:00,71.0,14.53
2025-09-29 02:00:00,71.0,14.43
2025-09-29 03:00:00,71.5,14.4
2025-09-29 04:00:00,71.3,14.35
2025-09-29 05:00:00,71.0,14.27
2025-09-29 06:00:00,71.3,14.25
2025-09-29 08:00:00,72.0,14.4
2025-09-29 09:00:00,72.0,14.57
2025-09-29 10:00:00,70.8,14.8
2025-09-29 11:00:00,70.5,15.05
2025-09-29 13:00:00,68.3,15.47
2025-09-29 14:00:00,66.7,15.7
2025-09-29 15:00:00,66.3,15.87
2025-09-29 16:00:00,66.5,15.93
2025-09-29 17:00:00,67.8,15.92
2025-09-29 19:00:00,70.0,15.53
2025-09-29 20:00:00,70.0,15.32
2025-09-29 21:00:00,70.3,15.07
2025-09-29 22:00:00,70.0,14.83
2025-09-29 23:00:00,70.0,14.58
2025-09-30 00:00:00,70.0,14.38
2025-09-30 01:00:00,69.2,14.18
2025-09-30 02:00:00,69.7,13.97
2025-09-30 03:00:00,70.7,13.9
2025-09-30 04:00:00,72.2,13.92
2025-09-30 05:00:00,73.0,14.0
2025-09-30 06:00:00,74.0,14.07
2025-09-30 07:00:00,74.0,14.17
2025-09-30 08:00:00,74.0,14.28
2025-09-30 09:00:00,75.0,14.48
2025-09-30 10:00:00,68.0,16.12
2025-09-30 11:00:00,65.5,17.02
2025-09-30 12:00:00,66.5,16.8
2025-09-30 13:00:00,66.0,16.8
2025-09-30 14:00:00,66.0,16.9
2025-09-30 16:00:00,65.5,16.93
2025-09-30 18:00:00,65.0,17.0
2025-09-30 19:00:00,65.0,17.0
2025-09-30 20:00:00,65.0,17.0
2025-09-30 21:00:00,64.3,16.93
2025-09-30 23:00:00,64.0,16.9
2025-10-01 00:00:00,64.0,16.9
2025-10-01 01:00:00,64.0,16.85
2025-10-01 02:00:00,63.3,16.8
2025-10-01 03:00:00,63.0,16.8
2025-10-01 05:00:00,63.0,16.72
2025-10-01 06:00:00,63.0,16.7
2025-10-01 07:00:00,62.2,16.7
2025-10-01 09:00:00,62.0,16.7
2025-10-01 10:00:00,62.0,16.72
2025-10-01 11:00:00,62.0,16.8
2025-10-01 12:00:00,62.0,16.8
2025-10-01 14:00:00,62.5,16.8
2025-10-01 15:00:00,62.0,16.8
2025-10-01 16:00:00,62.0,16.8
2025-10-01 17:00:00,62.0,16.8
2025-10-01 18:00:00,62.0,16.8
2025-10-01 19:00:00,61.8,16.8
2025-10-01 20:00:00,61.0,16.8
2025-10-01 21:00:00,61.0,16.73
2025-10-01 22:00:00,60.8,16.7
2025-10-01 23:00:00,60.0,16.63
2025-10-02 00:00:00,60.0,16.6
2025-10-02 01:00:00,60.0,16.6
2025-10-02 02:00:00,59.2,16.6
2025-10-02 03:00:00,59.0,16.6
2025-10-02 04:00:00,59.0,16.6
2025-10-02 05:00:00,58.0,16.6
2025-10-02 06:00:00,58.0,16.6
2025-10-02 07:00:00,58.0,16.68
2025-10-02 08:00:00,57.5,16.73
2025-10-02 09:00:00,57.0,16.77
2025-10-02 10:00:00,57.0,16.73
2025-10-02 11:00:00,57.7,16.88
2025-10-02 13:00:00,56.0,17.17
2025-10-02 14:00:00,56.0,17.28
2025-10-02 15:00:00,56.3,17.3
2025-10-02 16:00:00,57.0,17.3
2025-10-02 17:00:00,57.0,17.3
2025-10-02 18:00:00,57.0,17.3
2025-10-02 19:00:00,57.0,17.3
2025-10-02 20:00:00,57.0,17.3
2025-10-02 21:00:00,57.0,17.3
2025-10-02 22:00:00,56.0,17.18
2025-10-02 23:00:00,56.0,17.18
2025-10-03 00:00:00,54.7,17.1
2025-10-03 01:00:00,53.8,17.0
2025-10-03 02:00:00,53.2,16.93
2025-10-03 03:00:00,52.3,16.9
2025-10-03 05:00:00,51.2,16.8
2025-10-03 06:00:00,51.5,17.55
2025-10-03 08:00:00,47.2,19.47
2025-10-03 09:00:00,49.7,19.02
2025-10-03 10:00:00,50.5,18.8
2025-10-03 12:00:00,51.2,18.6
2025-10-03 13:00:00,52.0,18.6
2025-10-03 14:00:00,52.0,18.6
2025-10-03 15:00:00,52.7,18.6
2025-10-03 16:00:00,53.0,18.6
2025-10-03 17:00:00,53.0,18.6
2025-10-03 18:00:00,53.2,18.6
2025-10-03 19:00:00,54.0,18.6
2025-10-03 20:00:00,54.0,18.6
2025-10-03 21:00:00,54.0,18.6
2025-10-03 22:00:00,54.0,18.55
2025-10-03 23:00:00,54.0,18.53
2025-10-04 00:00:00,54.0,18.58
2025-10-04 01:00:00,54.0,18.6
2025-10-04 02:00:00,54.0,18.6
2025-10-04 03:00:00,54.8,18.6
2025-10-04 04:00:00,55.0,18.6
2025-10-04 05:00:00,54.7,18.6
2025-10-04 06:00:00,54.0,18.6
2025-10-04 07:00:00,54.0,18.6
2025-10-04 09:00:00,54.7,18.65
2025-10-04 10:00:00,54.8,18.65
2025-10-04 11:00:00,56.0,18.52
2025-10-04 13:00:00,56.2,18.75
2025-10-04 14:00:00,57.2,18.77
2025-10-04 15:00:00,58.3,18.67
2025-10-04 16:00:00,57.7,17.37
2025-10-04 17:00:00,58.5,16.45
2025-10-04 18:00:00,58.8,16.25
2025-10-04 19:00:00,57.2,16.13
2025-10-04 20:00:00,55.2,15.95
2025-10-04 21:00:00,56.5,15.8
2025-10-04 22:00:00,57.0,15.62
2025-10-04 23:00:00,57.0,15.47
2025-10-05 00:00:00,57.0,15.33
2025-10-05 01:00:00,57.7,15.15
2025-10-05 02:00:00,57.8,14.92
2025-10-05 03:00:00,58.0,14.8
2025-10-05 04:00:00,57.5,14.78
2025-10-05 05:00:00,58.5,14.62
2025-10-05 06:00:00,58.0,14.65
2025-10-05 07:00:00,57.2,14.83
2025-10-05 08:00:00,55.7,15.08
2025-10-05 09:00:00,55.2,15.38
2025-10-05 11:00:00,54.3,14.95
2025-10-05 12:00:00,61.2,14.5
2025-10-05 13:00:00,61.2,14.58
2025-10-05 14:00:00,62.0,14.42
2025-10-05 15:00:00,62.7,14.3
2025-10-05 16:00:00,61.3,14.3
2025-10-05 17:00:00,60.0,14.23
2025-10-05 18:00:00,60.0,14.2
2025-10-05 19:00:00,61.2,14.08
2025-10-05 20:00:00,63.0,13.85
2025-10-05 21:00:00,62.3,13.75
2025-10-05 22:00:00,62.0,13.7
2025-10-05 23:00:00,62.0,13.63
2025-10-06 00:00:00,63.8,13.5
2025-10-06 01:00:00,64.2,13.4
2025-10-06 02:00:00,65.0,13.3
2025-10-06 03:00:00,65.0,13.27
2025-10-06 05:00:00,66.0,13.1
2025-10-06 06:00:00,66.7,13.15
2025-10-06 07:00:00,65.2,13.53
2025-10-06 08:00:00,64.5,13.85
2025-10-06 09:00:00,64.0,14.05
2025-10-06 10:00:00,63.8,14.27
2025-10-06 11:00:00,62.3,14.47
2025-10-06 12:00:00,61.2,14.53
2025-10-06 13:00:00,60.7,14.63
2025-10-06 14:00:00,59.3,14.7
2025-10-06 15:00:00,60.8,14.65
2025-10-06 16:00:00,62.0,14.6
2025-10-06 17:00:00,63.0,14.6
2025-10-06 18:00:00,64.0,14.58
2025-10-06 19:00:00,64.7,14.52
2025-10-06 20:00:00,65.8,14.5
2025-10-06 21:00:00,66.0,14.5
2025-10-06 22:00:00,66.8,14.5
2025-10-06 23:00:00,67.7,14.42
2025-10-07 00:00:00,67.5,14.37
2025-10-07 01:00:00,68.0,14.28
2025-10-07 02:00:00,68.3,14.2
2025-10-07 03:00:00,68.2,14.12
2025-10-07 06:00:00,67.8,14.0
2025-10-07 07:00:00,62.0,15.85
2025-10-07 12:00:00,58.0,17.6
2025-10-07 13:00:00,58.0,17.6
2025-10-07 14:00:00,58.0,17.63
2025-10-07 15:00:00,58.0,17.7
2025-10-07 16:00:00,58.0,17.7
2025-10-07 17:00:00,58.0,17.67
2025-10-07 18:00:00,58.0,17.6
2025-10-07 19:00:00,58.0,17.6
2025-10-07 20:00:00,58.0,17.53
2025-10-07 21:00:00,58.0,17.5
2025-10-07 22:00:00,58.0,17.5
2025-10-07 23:00:00,58.0,17.45
2025-10-08 00:00:00,58.0,17.4
2025-10-08 01:00:00,58.0,17.4
2025-10-08 02:00:00,58.0,17.35
2025-10-08 03:00:00,58.0,17.3
2025-10-08 04:00:00,58.0,17.3
2025-10-08 05:00:00,58.0,17.28
2025-10-08 06:00:00,58.0,17.2
2025-10-08 07:00:00,58.0,17.2
2025-10-08 08:00:00,58.0,17.2
2025-10-08 09:00:00,58.0,17.2
2025-10-08 10:00:00,58.0,17.18
2025-10-08 11:00:00,58.0,17.2
2025-10-08 12:00:00,58.0,17.2
2025-10-08 13:00:00,58.2,17.2
2025-10-08 15:00:00,59.0,17.45
2025-10-08 16:00:00,59.0,17.58
2025-10-08 17:00:00,58.0,17.7
2025-10-08 18:00:00,58.0,17.68
2025-10-08 19:00:00,58.0,17.6
2025-10-08 20:00:00,58.0,17.5
2025-10-08 21:00:00,58.0,17.43
2025-10-08 22:00:00,59.0,17.4
2025-10-08 23:00:00,59.0,17.3
2025-10-09 00:00:00,59.0,17.25
2025-10-09 01:00:00,59.0,17.2
2025-10-09 02:00:00,59.0,17.17
2025-10-09 05:00:00,59.0,17.1
2025-10-09 06:00:00,59.0,17.0
2025-10-09 07:00:00,59.0,17.0
2025-10-09 08:00:00,59.3,17.05
2025-10-09 09:00:00,59.2,18.05
2025-10-09 10:00:00,60.0,18.02
2025-10-09 11:00:00,60.7,17.82
2025-10-09 12:00:00,60.0,17.8
2025-10-09 13:00:00,60.2,17.75
2025-10-09 14:00:00,60.8,17.7
2025-10-09 15:00:00,61.0,17.7
2025-10-09 16:00:00,60.8,17.73
2025-10-09 17:00:00,60.0,17.8
2025-10-09 18:00:00,60.0,17.8
2025-10-09 19:00:00,60.2,17.8
2025-10-09 20:00:00,61.0,17.8
2025-10-09 21:00:00,61.0,17.8
2025-10-09 22:00:00,61.0,17.82
2025-10-09 23:00:00,61.0,17.9
2025-10-10 00:00:00,61.0,17.9
2025-10-10 01:00:00,61.0,17.95
2025-10-10 03:00:00,61.0,18.0
2025-10-10 04:00:00,61.0,18.1
2025-10-10 05:00:00,61.0,18.1
2025-10-10 06:00:00,60.0,18.1
2025-10-10 08:00:00,60.0,18.2
2025-10-10 09:00:00,60.0,18.23
2025-10-10 10:00:00,60.0,18.33
2025-10-10 11:00:00,59.5,18.45
2025-10-10 12:00:00,59.0,18.58
2025-10-10 13:00:00,59.0,18.62
2025-10-10 14:00:00,60.0,18.72
2025-10-10 15:00:00,60.0,18.85
2025-10-10 16:00:00,59.8,19.05
2025-10-10 17:00:00,59.0,19.1
2025-10-10 18:00:00,59.0,19.1
2025-10-10 19:00:00,59.0,19.1
2025-10-10 20:00:00,59.0,19.1
2025-10-10 21:00:00,59.0,19.1
2025-10-10 22:00:00,59.0,19.1
2025-10-10 23:00:00,59.0,19.1
2025-10-11 00:00:00,59.0,19.1
2025-10-11 01:00:00,58.3,19.1
2025-10-11 03:00:00,58.0,19.1
2025-10-11 04:00:00,58.0,19.12
2025-10-11 05:00:00,58.0,19.13
2025-10-11 06:00:00,58.0,19.1
2025-10-11 07:00:00,57.0,19.18
2025-10-11 08:00:00,57.0,19.15
2025-10-11 10:00:00,57.0,19.22
2025-10-11 11:00:00,57.0,19.35
2025-10-11 12:00:00,57.0,19.4
2025-10-11 13:00:00,57.0,19.4
2025-10-11 14:00:00,57.0,19.5
2025-10-11 15:00:00,57.0,19.57
2025-10-11 18:00:00,57.0,19.6
2025-10-11 19:00:00,57.0,19.6
2025-10-11 20:00:00,57.0,19.6
2025-10-11 21:00:00,57.0,19.6
2025-10-11 22:00:00,57.0,19.6
2025-10-11 23:00:00,56.2,19.6
2025-10-12 00:00:00,56.0,19.57
2025-10-12 01:00:00,56.0,19.6
2025-10-12 02:00:00,56.0,19.55
2025-10-12 03:00:00,56.0,19.53
2025-10-12 04:00:00,55.2,19.5
2025-10-12 05:00:00,55.0,19.5
2025-10-12 06:00:00,54.3,19.67
2025-10-12 07:00:00,53.8,20.03
2025-10-12 08:00:00,54.0,19.95
2025-10-12 09:00:00,53.7,20.08
2025-10-12 10:00:00,53.0,20.05
2025-10-12 11:00:00,53.3,19.98
2025-10-12 12:00:00,54.0,19.92
2025-10-12 13:00:00,54.0,19.9
2025-10-12 14:00:00,54.0,19.9
2025-10-12 15:00:00,54.0,19.9
2025-10-12 17:00:00,54.0,19.78
2025-10-12 18:00:00,54.0,19.68
2025-10-12 19:00:00,54.0,19.57
2025-10-12 20:00:00,54.0,19.47
2025-10-12 21:00:00,54.0,19.38
2025-10-12 22:00:00,54.0,19.28
2025-10-12 23:00:00,54.0,19.2
2025-10-13 00:00:00,54.0,19.12
2025-10-13 01:00:00,54.0,19.02
2025-10-13 02:00:00,54.0,18.93
2025-10-13 03:00:00,54.0,18.85
2025-10-13 04:00:00,54.0,18.75
2025-10-13 05:00:00,54.0,18.67
2025-10-13 06:00:00,54.0,18.6
2025-10-13 07:00:00,53.7,18.62
2025-10-13 08:00:00,54.0,18.7
2025-10-13 09:00:00,54.0,18.72
2025-10-13 10:00:00,53.5,18.87
2025-10-13 11:00:00,53.0,18.93
2025-10-13 12:00:00,53.0,18.9
2025-10-13 13:00:00,54.0,18.83
2025-10-13 14:00:00,54.0,18.8
2025-10-13 15:00:00,54.0,18.8
2025-10-13 16:00:00,54.0,18.72
2025-10-13 17:00:00,54.0,18.7
2025-10-13 19:00:00,54.8,18.53
2025-10-13 20:00:00,55.0,18.5
2025-10-13 21:00:00,55.0,18.4
2025-10-13 22:00:00,55.0,18.37
2025-10-13 23:00:00,55.0,18.3
2025-10-14 00:00:00,55.0,18.23
2025-10-14 01:00:00,55.0,18.2
2025-10-14 02:00:00,55.0,18.12
2025-10-14 03:00:00,55.0,18.08
2025-10-14 04:00:00,55.0,18.0
2025-10-14 05:00:00,55.3,17.98
2025-10-14 06:00:00,56.0,18.0
2025-10-14 07:00:00,55.0,18.03
2025-10-14 08:00:00,55.0,18.15
2025-10-14 09:00:00,55.0,18.2
2025-10-14 10:00:00,55.0,18.28
2025-10-14 11:00:00,55.0,18.32
2025-10-14 12:00:00,55.0,18.25
2025-10-14 13:00:00,55.0,18.15
2025-10-14 14:00:00,55.8,18.07
2025-10-14 15:00:00,56.0,18.0
2025-10-14 16:00:00,56.0,17.95
2025-10-14 17:00:00,56.0,17.87
2025-10-14 18:00:00,56.0,17.78
2025-10-14 19:00:00,56.0,17.7
2025-10-14 20:00:00,56.0,17.6
2025-10-14 21:00:00,56.0,17.53
2025-10-14 22:00:00,56.0,17.45
2025-10-14 23:00:00,56.0,17.4
2025-10-15 00:00:00,56.0,17.3
2025-10-15 01:00:00,56.0,17.3
2025-10-15 02:00:00,56.0,17.23
2025-10-15 03:00:00,56.0,17.23
2025-10-15 04:00:00,55.2,17.3
2025-10-15 06:00:00,55.0,17.3
2025-10-15 07:00:00,55.0,17.32
2025-10-15 08:00:00,55.0,17.4
2025-10-15 09:00:00,55.0,17.4
2025-10-15 10:00:00,55.0,17.5
2025-10-15 11:00:00,55.0,17.52
2025-10-15 12:00:00,55.0,17.6
2025-10-15 13:00:00,55.0,17.68
2025-10-15 14:00:00,55.3,17.72
2025-10-15 15:00:00,56.0,17.8
2025-10-15 16:00:00,56.0,17.8
2025-10-15 17:00:00,55.7,17.78
2025-10-15 18:00:00,55.0,17.7
2025-10-15 19:00:00,55.0,17.7
2025-10-15 20:00:00,55.0,17.6
2025-10-15 21:00:00,55.3,17.57
2025-10-15 22:00:00,56.0,17.5
2025-10-15 23:00:00,56.0,17.45
2025-10-16 00:00:00,55.5,17.4
2025-10-16 01:00:00,55.0,17.32
2025-10-16 02:00:00,55.0,17.28
2025-10-16 03:00:00,55.0,17.2
2025-10-16 04:00:00,55.0,17.2
2025-10-16 05:00:00,55.7,17.2
2025-10-16 06:00:00,55.7,17.25
2025-10-16 07:00:00,55.7,17.35
2025-10-16 08:00:00,55.0,17.43
2025-10-16 09:00:00,55.0,17.5
2025-10-16 11:00:00,54.2,17.65
2025-10-16 12:00:00,54.7,17.7
2025-10-16 14:00:00,55.0,17.75
2025-10-16 15:00:00,55.0,17.8
2025-10-16 16:00:00,55.0,17.8
2025-10-16 17:00:00,55.0,17.8
2025-10-16 18:00:00,55.2,17.8
2025-10-16 19:00:00,56.0,17.8
2025-10-16 21:00:00,55.2,17.8
2025-10-16 22:00:00,55.0,17.8
2025-10-16 23:00:00,55.0,17.8
2025-10-17 00:00:00,55.0,17.8
2025-10-17 01:00:00,55.0,17.8
2025-10-17 02:00:00,54.7,17.8
2025-10-17 03:00:00,54.0,17.82
2025-10-17 04:00:00,54.0,17.85
2025-10-17 05:00:00,54.0,17.9
2025-10-17 06:00:00,54.0,17.9
2025-10-17 07:00:00,54.0,18.0
2025-10-17 08:00:00,54.0,18.0
2025-10-17 09:00:00,54.0,18.03
2025-10-17 10:00:00,54.0,18.15
2025-10-17 11:00:00,53.3,18.3
2025-10-17 12:00:00,54.0,18.3
2025-10-17 13:00:00,54.0,18.35
2025-10-17 14:00:00,54.0,18.4
2025-10-17 15:00:00,54.0,18.48
2025-10-17 16:00:00,54.0,18.5
2025-10-17 17:00:00,53.8,18.5
2025-10-17 18:00:00,53.0,18.5
2025-10-17 20:00:00,53.0,18.5
2025-10-17 21:00:00,53.0,18.45
2025-10-17 23:00:00,53.0,18.4
2025-10-18 00:00:00,52.8,18.35
2025-10-18 01:00:00,52.0,18.28
2025-10-18 03:00:00,51.0,18.12
2025-10-18 04:00:00,50.2,18.0
2025-10-18 05:00:00,49.3,17.87
2025-10-18 06:00:00,49.0,17.8
2025-10-18 07:00:00,49.5,17.82
2025-10-18 09:00:00,50.0,18.13
2025-10-18 11:00:00,51.0,18.4
2025-10-18 12:00:00,50.8,18.58
2025-10-18 13:00:00,51.0,18.65
2025-10-18 14:00:00,51.0,18.75
2025-10-18 16:00:00,51.7,18.8
2025-10-18 19:00:00,51.0,18.77
2025-10-18 20:00:00,50.8,18.7
2025-10-18 22:00:00,50.0,18.6
2025-10-18 23:00:00,50.0,18.5
2025-10-19 01:00:00,49.3,18.37
2025-10-19 02:00:00,49.0,18.27
2025-10-19 04:00:00,48.0,18.1
2025-10-19 06:00:00,47.7,18.05
2025-10-19 07:00:00,47.2,18.27
2025-10-19 08:00:00,47.0,18.38
2025-10-19 10:00:00,46.3,18.6
2025-10-19 12:00:00,48.0,18.7
2025-10-19 13:00:00,48.2,18.77
2025-10-19 15:00:00,49.0,18.8
2025-10-19 17:00:00,49.3,18.8
2025-10-19 18:00:00,50.0,18.77
2025-10-19 19:00:00,50.0,18.7
2025-10-19 20:00:00,50.2,18.62
2025-10-19 21:00:00,51.0,18.53
2025-10-19 22:00:00,51.0,18.45
2025-10-19 23:00:00,51.0,18.37
2025-10-20 00:00:00,51.0,18.3
2025-10-20 02:00:00,51.5,18.13
2025-10-20 03:00:00,52.0,18.1
2025-10-20 04:00:00,52.0,18.1
2025-10-20 05:00:00,52.0,18.1
2025-10-20 06:00:00,52.0,18.1
2025-10-20 07:00:00,52.0,18.13
2025-10-20 08:00:00,52.0,18.2
2025-10-20 09:00:00,52.7,18.2
2025-10-20 10:00:00,53.0,18.27
2025-10-20 11:00:00,53.0,18.3
2025-10-20 12:00:00,53.0,18.3
2025-10-20 13:00:00,53.5,18.35
2025-10-20 14:00:00,54.0,18.33
2025-10-20 15:00:00,54.0,18.3
2025-10-20 16:00:00,54.0,18.3
2025-10-20 17:00:00,54.0,18.3
2025-10-20 18:00:00,54.7,18.25
2025-10-20 19:00:00,55.0,18.18
2025-10-20 20:00:00,55.0,18.1
2025-10-20 21:00:00,55.0,18.05
2025-10-20 22:00:00,55.0,17.97
2025-10-20 23:00:00,55.0,17.9
2025-10-21 00:00:00,55.0,17.83
2025-10-21 01:00:00,55.0,17.8
2025-10-21 02:00:00,55.0,17.72
2025-10-21 03:00:00,55.0,17.7
2025-10-21 04:00:00,55.7,17.62
2025-10-21 06:00:00,56.0,17.55
2025-10-21 07:00:00,55.8,17.5
2025-10-21 08:00:00,55.0,17.58
2025-10-21 09:00:00,55.0,17.7
2025-10-21 11:00:00,56.0,17.7
2025-10-21 13:00:00,56.0,17.7
2025-10-21 14:00:00,56.0,17.7
2025-10-21 15:00:00,56.2,17.7
2025-10-21 16:00:00,57.0,17.67
2025-10-21 17:00:00,57.0,17.6
2025-10-21 18:00:00,57.0,17.6
2025-10-21 19:00:00,57.7,17.6
2025-10-21 20:00:00,58.0,17.5
2025-10-21 22:00:00,58.0,17.48
2025-10-21 23:00:00,58.0,17.42
2025-10-22 01:00:00,59.0,17.4
2025-10-22 02:00:00,59.0,17.4
2025-10-22 03:00:00,59.0,17.4
2025-10-22 04:00:00,59.0,17.4
2025-10-22 05:00:00,59.0,17.32
2025-10-22 06:00:00,59.0,17.3
2025-10-22 07:00:00,59.2,17.3
2025-10-22 09:00:00,60.0,17.3
2025-10-22 10:00:00,59.5,17.3
2025-10-22 11:00:00,59.2,17.3
2025-10-22 12:00:00,60.0,17.3
2025-10-22 13:00:00,60.0,17.3
2025-10-22 14:00:00,59.5,17.32
2025-10-22 15:00:00,59.0,17.4
2025-10-22 16:00:00,59.0,17.4
2025-10-22 17:00:00,59.8,17.4
2025-10-22 18:00:00,60.0,17.35
2025-10-22 19:00:00,60.0,17.3
2025-10-22 20:00:00,60.0,17.3
2025-10-22 21:00:00,60.0,17.28
2025-10-22 22:00:00,60.0,17.2
2025-10-22 23:00:00,60.0,17.2
2025-10-23 00:00:00,60.0,17.2
2025-10-23 02:00:00,60.0,17.2
2025-10-23 03:00:00,60.0,17.2
2025-10-23 04:00:00,60.8,17.2
2025-10-23 05:00:00,61.0,17.2
2025-10-23 06:00:00,61.0,17.1
2025-10-23 07:00:00,61.0,17.1
2025-10-23 09:00:00,62.2,17.15
2025-10-23 10:00:00,62.0,17.1
2025-10-23 11:00:00,61.3,17.1
2025-10-23 12:00:00,60.3,17.07
2025-10-23 13:00:00,55.2,16.55
2025-10-23 14:00:00,52.5,16.1
2025-10-23 15:00:00,53.8,15.98
2025-10-23 16:00:00,53.5,15.75
2025-10-23 17:00:00,55.0,15.55
2025-10-23 18:00:00,58.2,15.22
2025-10-23 19:00:00,58.7,15.05
2025-10-23 20:00:00,59.0,14.92
2025-10-23 22:00:00,60.0,14.53
2025-10-23 23:00:00,60.0,14.33
2025-10-24 01:00:00,58.0,13.97
2025-10-24 02:00:00,56.7,13.83
2025-10-24 03:00:00,56.0,13.63
2025-10-24 04:00:00,56.2,13.48
2025-10-24 05:00:00,56.3,13.4
2025-10-24 06:00:00,56.7,13.27
2025-10-24 07:00:00,56.8,13.2
2025-10-24 08:00:00,56.0,13.32
2025-10-24 10:00:00,54.2,13.63
2025-10-24 11:00:00,51.5,13.88
2025-10-24 12:00:00,50.0,13.98
2025-10-24 13:00:00,48.5,13.9
2025-10-24 14:00:00,47.8,13.97
2025-10-24 15:00:00,47.0,13.95
2025-10-24 18:00:00,53.8,13.33
2025-10-24 19:00:00,55.2,13.15
2025-10-24 20:00:00,56.0,13.1
2025-10-24 21:00:00,56.8,13.08
2025-10-24 22:00:00,57.3,13.03
2025-10-24 23:00:00,59.7,13.07
2025-10-25 00:00:00,61.5,13.0
2025-10-25 01:00:00,61.0,13.02
2025-10-25 05:00:00,64.0,13.1
2025-10-25 06:00:00,63.7,13.12
2025-10-25 07:00:00,63.2,13.22
2025-10-25 08:00:00,61.3,13.45
2025-10-25 09:00:00,62.0,13.62
2025-10-25 10:00:00,61.8,13.8
2025-10-25 11:00:00,63.7,14.08
2025-10-25 12:00:00,65.2,14.27
2025-10-25 13:00:00,64.8,14.58
2025-10-25 14:00:00,63.3,14.85
2025-10-25 15:00:00,64.0,14.5
2025-10-25 16:00:00,64.3,14.12
2025-10-25 17:00:00,65.7,13.68
2025-10-25 18:00:00,66.7,13.58
2025-10-25 20:00:00,65.5,13.28
2025-10-25 21:00:00,66.7,13.15
2025-10-25 22:00:00,67.0,13.05
2025-10-25 23:00:00,66.2,13.0
2025-10-26 00:00:00,65.3,12.87
2025-10-26 01:00:00,65.0,12.8
2025-10-26 02:00:00,64.5,12.82
2025-10-26 03:00:00,64.0,12.8
2025-10-26 04:00:00,64.3,12.58
2025-10-26 05:00:00,63.0,12.43
2025-10-26 06:00:00,62.0,12.28
2025-10-26 07:00:00,61.8,12.28
2025-10-26 08:00:00,60.7,12.42
2025-10-26 09:00:00,59.3,12.62
2025-10-26 10:00:00,55.0,12.62
2025-10-26 11:00:00,53.5,12.45
2025-10-26 12:00:00,53.0,12.48
2025-10-26 13:00:00,52.2,12.5
2025-10-26 14:00:00,51.7,12.6
2025-10-26 15:00:00,52.2,12.6
2025-10-26 16:00:00,54.3,12.5
2025-10-26 17:00:00,59.0,12.1
2025-10-26 18:00:00,59.5,12.0
2025-10-26 19:00:00,59.5,11.85
2025-10-26 20:00:00,59.2,11.73
2025-10-26 21:00:00,58.3,11.7
2025-10-26 22:00:00,57.2,11.62
2025-10-26 23:00:00,56.2,11.6
2025-10-27 00:00:00,54.2,11.68
2025-10-27 01:00:00,54.5,11.7
2025-10-27 02:00:00,57.8,11.62
2025-10-27 03:00:00,59.5,11.58
2025-10-27 05:00:00,60.7,11.5
2025-10-27 06:00:00,60.0,11.6
2025-10-27 08:00:00,61.8,11.43
2025-10-27 09:00:00,61.8,11.45
2025-10-27 10:00:00,62.8,11.45
2025-10-27 12:00:00,64.3,11.6
2025-10-27 15:00:00,68.0,11.82
2025-10-27 16:00:00,68.8,11.9
2025-10-27 17:00:00,68.3,11.92
2025-10-27 18:00:00,67.8,11.92
2025-10-27 19:00:00,66.7,12.02
2025-10-27 20:00:00,66.5,12.08
2025-10-27 22:00:00,66.2,12.03
2025-10-27 23:00:00,67.7,11.77
2025-10-28 00:00:00,67.3,11.77
2025-10-28 01:00:00,66.5,11.85
2025-10-28 02:00:00,67.5,12.0
2025-10-28 03:00:00,68.0,12.0
2025-10-28 04:00:00,68.0,12.0
2025-10-28 05:00:00,68.0,12.07
2025-10-28 06:00:00,67.2,12.1
2025-10-28 07:00:00,67.0,12.12
2025-10-28 08:00:00,66.5,12.38
2025-10-28 09:00:00,66.3,12.72
2025-10-28 10:00:00,65.2,13.13
2025-10-28 11:00:00,64.0,13.55
2025-10-28 13:00:00,63.0,14.1
2025-10-28 14:00:00,62.2,14.33
2025-10-28 15:00:00,61.8,14.4
2025-10-28 16:00:00,63.8,14.18
2025-10-28 17:00:00,63.0,13.95
2025-10-28 18:00:00,63.2,13.75
2025-10-28 19:00:00,64.3,13.57
2025-10-28 20:00:00,65.3,13.5
2025-10-28 21:00:00,66.0,13.38
2025-10-28 22:00:00,66.0,13.22
2025-10-28 23:00:00,66.0,13.08
2025-10-29 00:00:00,66.3,12.85
2025-10-29 01:00:00,66.3,12.57
2025-10-29 02:00:00,65.8,12.22
2025-10-29 03:00:00,65.2,11.87
2025-10-29 04:00:00,65.0,11.58
2025-10-29 05:00:00,64.3,11.3
2025-10-29 06:00:00,64.0,11.0
2025-10-29 07:00:00,64.8,10.92
2025-10-29 08:00:00,66.0,11.1
2025-10-29 09:00:00,67.3,11.43
2025-10-29 10:00:00,68.0,11.82
2025-10-29 11:00:00,67.7,12.27
2025-10-29 12:00:00,66.2,12.7
2025-10-29 13:00:00,66.0,13.15
2025-10-29 14:00:00,66.0,13.28
2025-10-29 15:00:00,66.0,13.45
2025-10-29 16:00:00,66.0,13.5
2025-10-29 17:00:00,65.3,13.48
2025-10-29 18:00:00,65.5,13.52
2025-10-29 19:00:00,66.0,13.37
2025-10-29 20:00:00,67.7,13.25
2025-10-29 21:00:00,69.7,13.25
2025-10-29 22:00:00,70.7,13.13
2025-10-29 23:00:00,71.0,13.07
2025-10-30 01:00:00,72.2,13.12
2025-10-30 02:00:00,72.0,13.2
2025-10-30 04:00:00,72.0,13.45
2025-10-30 05:00:00,72.0,13.57
2025-10-30 06:00:00,73.7,13.68
2025-10-30 08:00:00,71.2,13.62
2025-10-30 09:00:00,70.3,13.72
2025-10-30 10:00:00,69.2,13.88
2025-10-30 11:00:00,67.8,14.07
2025-10-30 12:00:00,66.5,14.1
2025-10-30 13:00:00,65.2,14.12
2025-10-30 14:00:00,64.5,14.2
2025-10-30 15:00:00,64.3,14.23
2025-10-30 16:00:00,64.8,14.2
2025-10-30 17:00:00,65.7,14.2
2025-10-30 18:00:00,66.8,14.12
2025-10-30 19:00:00,67.0,13.88
2025-10-30 20:00:00,66.3,13.53
2025-10-30 21:00:00,66.0,13.17
2025-10-30 23:00:00,66.0,12.6
2025-10-31 00:00:00,66.2,12.4
2025-10-31 01:00:00,67.8,12.3
2025-10-31 02:00:00,68.0,12.3
2025-10-31 03:00:00,68.3,12.3
2025-10-31 05:00:00,68.0,12.15
2025-10-31 06:00:00,67.8,12.2
2025-10-31 07:00:00,68.5,12.1
2025-10-31 09:00:00,69.8,12.52
2025-10-31 10:00:00,70.0,12.97
2025-10-31 11:00:00,70.3,13.4
2025-10-31 13:00:00,67.0,14.67
2025-10-31 14:00:00,67.2,14.9
2025-10-31 15:00:00,68.3,14.9
2025-10-31 16:00:00,69.5,14.85
2025-10-31 17:00:00,70.0,14.78
2025-10-31 18:00:00,69.3,14.75
2025-10-31 19:00:00,70.0,14.47
2025-10-31 20:00:00,70.0,14.27
2025-10-31 21:00:00,70.0,14.08
2025-10-31 22:00:00,69.8,13.85
2025-11-01 00:00:00,69.3,13.43
2025-11-01 01:00:00,69.5,13.27
2025-11-01 02:00:00,69.0,13.08
2025-11-01 03:00:00,68.7,12.87
2025-11-01 05:00:00,69.5,12.43
2025-11-01 06:00:00,70.7,12.33
2025-11-01 07:00:00,72.0,12.45
2025-11-01 08:00:00,73.0,12.57
2025-11-01 09:00:00,74.0,12.78
2025-11-01 11:00:00,74.0,13.35
2025-11-01 12:00:00,74.0,13.68
2025-11-01 13:00:00,73.7,13.97
2025-11-01 14:00:00,73.0,14.22
2025-11-01 15:00:00,72.5,14.42
2025-11-01 17:00:00,73.0,14.6
2025-11-01 18:00:00,73.8,14.62
2025-11-01 19:00:00,74.7,14.7
2025-11-01 20:00:00,75.2,14.75
2025-11-01 21:00:00,75.2,14.7
2025-11-01 22:00:00,75.3,14.7
2025-11-01 23:00:00,76.0,14.73
2025-11-02 00:00:00,76.0,14.77
2025-11-02 01:00:00,75.2,14.55
2025-11-02 02:00:00,74.3,14.38
2025-11-02 04:00:00,73.8,14.13
2025-11-02 05:00:00,74.0,14.0
2025-11-02 06:00:00,74.0,14.0
2025-11-02 07:00:00,74.0,13.97
2025-11-02 08:00:00,74.5,13.92
2025-11-02 09:00:00,75.0,14.0
2025-11-02 11:00:00,76.0,14.2
2025-11-02 12:00:00,73.8,14.18
2025-11-02 13:00:00,71.7,14.07
2025-11-02 16:00:00,68.0,14.73
2025-11-02 17:00:00,70.3,14.63
2025-11-02 18:00:00,68.5,15.2
2025-11-02 19:00:00,65.8,15.37
2025-11-02 20:00:00,64.8,15.03
2025-11-02 21:00:00,63.5,14.13
2025-11-02 22:00:00,64.7,13.53
2025-11-02 23:00:00,64.0,13.28
2025-11-03 00:00:00,65.0,12.98
2025-11-03 01:00:00,65.0,12.78
2025-11-03 02:00:00,65.8,12.55
2025-11-03 03:00:00,66.0,12.33
2025-11-03 04:00:00,66.0,12.1
2025-11-03 05:00:00,65.2,11.9
2025-11-03 06:00:00,65.0,11.67
2025-11-03 07:00:00,65.8,11.6
2025-11-03 08:00:00,68.0,11.78
2025-11-03 09:00:00,67.0,12.3
2025-11-03 10:00:00,66.0,12.6
2025-11-03 13:00:00,62.5,13.4
2025-11-03 14:00:00,60.7,13.6
2025-11-03 16:00:00,60.3,13.7
2025-11-03 17:00:00,62.7,13.5
2025-11-03 18:00:00,63.0,13.2
2025-11-03 19:00:00,63.0,12.92
2025-11-03 20:00:00,63.0,12.58
2025-11-03 21:00:00,63.0,12.25
2025-11-03 22:00:00,63.0,11.92
2025-11-03 23:00:00,63.0,11.67
2025-11-04 00:00:00,63.0,11.35
2025-11-04 01:00:00,62.3,11.03
2025-11-04 02:00:00,62.0,10.72
2025-11-04 03:00:00,62.0,10.42
2025-11-04 04:00:00,62.0,10.17
2025-11-04 05:00:00,62.0,9.77
2025-11-04 06:00:00,63.0,9.5
2025-11-04 07:00:00,64.2,9.4
2025-11-04 09:00:00,66.7,10.05
2025-11-04 10:00:00,66.0,10.75
2025-11-04 11:00:00,64.7,11.33
2025-11-04 12:00:00,63.8,11.87
2025-11-04 15:00:00,61.5,13.32
2025-11-04 16:00:00,61.8,13.25
2025-11-04 17:00:00,63.0,12.9
2025-11-04 19:00:00,64.0,12.35
2025-11-04 20:00:00,64.0,12.0
2025-11-04 21:00:00,64.0,11.65
2025-11-04 22:00:00,64.0,11.33
2025-11-04 23:00:00,63.8,11.1
2025-11-05 00:00:00,63.0,10.8
2025-11-05 01:00:00,63.0,10.48
2025-11-05 03:00:00,62.3,9.98
2025-11-05 04:00:00,62.3,9.67
2025-11-05 05:00:00,62.2,9.25
2025-11-05 06:00:00,63.0,8.83
2025-11-05 07:00:00,64.2,8.7
2025-11-05 09:00:00,67.7,8.95
2025-11-05 10:00:00,69.7,9.42
2025-11-05 11:00:00,69.7,10.08
2025-11-05 12:00:00,68.0,10.88
2025-11-05 14:00:00,64.8,12.25
2025-11-05 15:00:00,66.5,12.42
2025-11-05 16:00:00,67.0,12.42
2025-11-05 17:00:00,66.3,12.15
2025-11-05 18:00:00,66.2,11.85
2025-11-05 19:00:00,65.2,11.58
2025-11-05 21:00:00,65.0,10.95
2025-11-05 22:00:00,65.0,10.75
2025-11-06 00:00:00,65.2,10.03
2025-11-06 01:00:00,65.0,9.72
2025-11-06 03:00:00,65.2,9.12
2025-11-06 04:00:00,65.2,8.92
2025-11-06 05:00:00,65.2,8.72
2025-11-06 06:00:00,66.5,8.65
2025-11-06 08:00:00,67.8,8.78
2025-11-06 10:00:00,69.2,8.93
2025-11-06 11:00:00,70.7,9.23
2025-11-06 12:00:00,71.0,9.55
2025-11-06 13:00:00,71.2,9.78
2025-11-06 14:00:00,71.5,9.92
2025-11-06 16:00:00,69.0,10.08
2025-11-06 17:00:00,69.8,9.67
2025-11-06 18:00:00,69.3,9.42
2025-11-06 19:00:00,69.0,9.22
2025-11-06 20:00:00,69.2,9.2
2025-11-06 21:00:00,70.0,9.27
2025-11-06 22:00:00,70.0,9.32
2025-11-06 23:00:00,70.0,9.35
2025-11-07 00:00:00,69.2,9.3
2025-11-07 01:00:00,68.5,9.17
2025-11-07 02:00:00,68.2,9.03
2025-11-07 04:00:00,68.0,8.77
2025-11-07 05:00:00,68.0,8.63
2025-11-07 06:00:00,67.7,8.45
2025-11-07 07:00:00,67.8,8.37
2025-11-07 08:00:00,68.5,8.3
2025-11-07 10:00:00,68.8,8.63
2025-11-07 11:00:00,70.7,8.85
2025-11-07 12:00:00,71.0,9.13
2025-11-07 13:00:00,71.0,9.4
2025-11-07 14:00:00,71.0,9.62
2025-11-07 15:00:00,71.0,9.82
2025-11-07 16:00:00,71.0,9.9
2025-11-07 17:00:00,71.0,9.9
2025-11-07 18:00:00,71.0,9.85
2025-11-07 19:00:00,71.0,9.8
2025-11-07 21:00:00,71.0,9.7
2025-11-07 22:00:00,71.0,9.6
2025-11-07 23:00:00,71.0,9.52
2025-11-08 00:00:00,71.0,9.5
2025-11-08 01:00:00,71.0,9.5
2025-11-08 03:00:00,71.0,9.4
2025-11-08 04:00:00,70.5,9.37
2025-11-08 05:00:00,70.0,9.3
2025-11-08 06:00:00,70.0,9.23
2025-11-08 07:00:00,70.0,9.15
2025-11-08 08:00:00,70.0,9.1
2025-11-08 10:00:00,69.7,9.13
2025-11-08 11:00:00,69.7,9.22
2025-11-08 12:00:00,70.0,9.45
2025-11-08 13:00:00,69.5,9.82
2025-11-08 14:00:00,69.0,10.1
2025-11-08 15:00:00,69.0,10.22
2025-11-08 17:00:00,68.7,10.1
2025-11-08 18:00:00,69.2,10.05
2025-11-08 19:00:00,70.0,10.05
2025-11-08 20:00:00,70.5,10.1
2025-11-08 21:00:00,71.0,10.1
2025-11-08 22:00:00,70.8,10.1
2025-11-08 23:00:00,70.5,10.03
2025-11-09 00:00:00,70.7,10.03
2025-11-09 01:00:00,71.0,10.1
2025-11-09 03:00:00,71.0,10.02
2025-11-09 04:00:00,71.7,10.0
2025-11-09 05:00:00,72.0,10.02
2025-11-09 06:00:00,71.8,10.1
2025-11-09 07:00:00,70.5,10.43
2025-11-09 08:00:00,67.7,11.73
2025-11-09 10:00:00,63.3,14.02
2025-11-09 11:00:00,63.3,13.45
2025-11-09 12:00:00,64.8,12.83
2025-11-09 13:00:00,67.0,12.62
2025-11-09 14:00:00,68.8,12.45
2025-11-09 15:00:00,70.3,12.35
2025-11-09 17:00:00,71.0,12.12
2025-11-09 18:00:00,71.8,12.02
2025-11-09 19:00:00,72.0,11.93
2025-11-09 20:00:00,72.5,11.88
2025-11-09 21:00:00,73.0,11.8
2025-11-09 22:00:00,71.8,11.7
2025-11-10 00:00:00,72.8,11.17
2025-11-10 01:00:00,72.8,10.97
2025-11-10 02:00:00,71.3,10.72
2025-11-10 03:00:00,71.8,10.6
2025-11-10 05:00:00,72.0,10.52
2025-11-10 06:00:00,72.8,10.55
2025-11-10 08:00:00,72.0,10.6
2025-11-10 09:00:00,72.0,10.65
2025-11-10 11:00:00,71.8,10.85
2025-11-10 12:00:00,70.8,10.92
2025-11-10 13:00:00,70.0,11.05
2025-11-10 14:00:00,69.0,11.25
2025-11-10 15:00:00,68.3,11.32
2025-11-10 16:00:00,68.0,11.3
2025-11-10 17:00:00,68.0,11.18
2025-11-10 18:00:00,68.0,11.03
2025-11-10 19:00:00,68.0,10.98
2025-11-10 20:00:00,68.7,10.83
2025-11-10 21:00:00,68.0,10.72
2025-11-10 22:00:00,68.0,10.47
2025-11-10 23:00:00,69.2,10.4
2025-11-11 00:00:00,69.8,10.45
2025-11-11 01:00:00,70.0,10.48
2025-11-11 02:00:00,70.0,10.5
2025-11-11 03:00:00,70.0,10.53
2025-11-11 04:00:00,69.8,10.58
2025-11-11 05:00:00,69.0,10.43
2025-11-11 06:00:00,68.7,10.3
2025-11-11 07:00:00,69.0,10.2
2025-11-11 09:00:00,69.0,10.85
2025-11-11 10:00:00,65.8,11.45
2025-11-11 11:00:00,62.3,12.08
2025-11-11 12:00:00,62.0,12.55
2025-11-11 13:00:00,62.2,12.73
2025-11-11 15:00:00,62.7,13.1
2025-11-11 16:00:00,63.0,13.05
2025-11-11 17:00:00,63.5,12.83
2025-11-11 18:00:00,63.7,12.52
2025-11-11 19:00:00,65.0,12.18
2025-11-11 20:00:00,65.0,11.78
2025-11-11 21:00:00,65.3,11.38
2025-11-11 22:00:00,66.0,11.12
2025-11-11 23:00:00,65.5,10.83
2025-11-12 00:00:00,65.0,10.53
2025-11-12 01:00:00,64.7,10.2
2025-11-12 02:00:00,64.7,9.98
2025-11-12 03:00:00,64.0,9.73
2025-11-12 04:00:00,63.8,9.45
2025-11-12 05:00:00,63.3,9.15
2025-11-12 06:00:00,64.2,8.77
2025-11-12 07:00:00,66.2,8.65
2025-11-12 08:00:00,67.3,8.65
2025-11-12 11:00:00,67.7,10.53
2025-11-12 12:00:00,66.2,11.18
2025-11-12 13:00:00,64.8,11.75
2025-11-12 14:00:00,64.0,12.25
2025-11-12 16:00:00,64.0,12.33
2025-11-12 17:00:00,64.0,12.32
2025-11-12 18:00:00,63.8,12.47
2025-11-12 19:00:00,63.3,12.3
2025-11-12 20:00:00,64.0,11.98
2025-11-12 21:00:00,63.3,11.75
2025-11-12 22:00:00,63.0,11.58
2025-11-12 23:00:00,63.0,11.5
2025-11-13 00:00:00,62.5,11.37
2025-11-13 01:00:00,62.5,11.1
2025-11-13 02:00:00,63.0,10.87
2025-11-13 03:00:00,63.0,10.6
2025-11-13 04:00:00,63.0,10.43
2025-11-13 05:00:00,63.0,10.28
2025-11-13 06:00:00,63.0,10.1
2025-11-13 07:00:00,63.2,9.93
2025-11-13 08:00:00,64.3,10.08
2025-11-13 09:00:00,65.5,10.52
2025-11-13 10:00:00,65.2,11.15
2025-11-13 11:00:00,63.2,11.9
2025-11-13 13:00:00,59.5,13.47
2025-11-13 14:00:00,58.2,14.12
2025-11-13 15:00:00,58.0,14.3
2025-11-13 16:00:00,57.5,14.2
2025-11-13 18:00:00,61.0,13.25
2025-11-13 19:00:00,62.8,12.93
2025-11-13 21:00:00,64.7,12.35
2025-11-13 22:00:00,65.0,12.08
2025-11-13 23:00:00,65.0,11.9
2025-11-14 01:00:00,65.0,11.43
2025-11-14 02:00:00,65.0,11.23
2025-11-14 03:00:00,64.3,10.95
2025-11-14 04:00:00,65.0,10.63
2025-11-14 05:00:00,65.3,10.35
2025-11-14 06:00:00,65.0,10.23
2025-11-14 08:00:00,67.5,10.33
2025-11-14 09:00:00,68.0,10.6
2025-11-14 10:00:00,68.3,11.22
2025-11-14 11:00:00,69.3,11.67
2025-11-14 12:00:00,68.8,12.22
2025-11-14 13:00:00,67.0,12.77
2025-11-14 14:00:00,67.2,13.13
2025-11-14 15:00:00,68.2,13.2
2025-11-14 16:00:00,68.0,13.42
2025-11-14 17:00:00,68.3,13.42
2025-11-14 18:00:00,66.7,13.42
2025-11-14 20:00:00,68.0,13.32
2025-11-14 21:00:00,67.3,13.28
2025-11-14 22:00:00,67.7,13.12
2025-11-14 23:00:00,67.0,13.1
2025-11-15 00:00:00,67.0,13.1
2025-11-15 01:00:00,67.0,13.02
2025-11-15 02:00:00,67.0,12.97
2025-11-15 03:00:00,67.2,12.9
2025-11-15 04:00:00,68.2,12.82
2025-11-15 05:00:00,68.0,12.77
2025-11-15 06:00:00,67.8,12.63
2025-11-15 07:00:00,67.0,12.52
2025-11-15 08:00:00,67.0,12.57
2025-11-15 09:00:00,66.7,12.88
2025-11-15 10:00:00,64.7,13.45
2025-11-15 11:00:00,63.0,13.97
2025-11-15 12:00:00,63.0,14.25
2025-11-15 13:00:00,62.5,14.58
2025-11-15 14:00:00,64.8,14.75
2025-11-15 15:00:00,65.0,14.8
2025-11-15 16:00:00,65.5,14.77
2025-11-15 17:00:00,65.0,14.62
2025-11-15 18:00:00,65.0,14.57
2025-11-15 19:00:00,63.8,14.48
2025-11-15 20:00:00,64.0,14.4
2025-11-15 21:00:00,64.0,14.27
2025-11-15 22:00:00,64.2,14.15
2025-11-15 23:00:00,65.0,13.98
2025-11-16 00:00:00,65.0,13.68
2025-11-16 01:00:00,66.0,13.4
2025-11-16 02:00:00,65.7,13.2
2025-11-16 03:00:00,65.7,12.95
2025-11-16 04:00:00,65.5,12.68
2025-11-16 05:00:00,66.0,12.45
2025-11-16 06:00:00,66.5,12.3
2025-11-16 07:00:00,66.7,12.47
2025-11-16 08:00:00,67.0,12.68
2025-11-16 09:00:00,67.0,12.88
2025-11-16 10:00:00,67.8,13.25
2025-11-16 11:00:00,67.8,13.48
2025-11-16 12:00:00,69.2,13.3
2025-11-16 13:00:00,70.0,13.25
2025-11-16 14:00:00,69.3,13.4
2025-11-16 16:00:00,69.0,13.5
2025-11-16 17:00:00,69.0,13.33
2025-11-16 18:00:00,69.0,13.17
2025-11-16 19:00:00,69.5,13.1
2025-11-16 20:00:00,69.0,13.08
2025-11-16 21:00:00,69.8,13.0
2025-11-16 22:00:00,70.0,13.0
2025-11-16 23:00:00,68.8,12.93
2025-11-17 00:00:00,68.8,12.87
2025-11-17 01:00:00,68.3,12.75
2025-11-17 02:00:00,68.0,12.65
2025-11-17 03:00:00,68.2,12.57
2025-11-17 04:00:00,69.0,12.53
2025-11-17 05:00:00,69.0,12.6
2025-11-17 06:00:00,69.7,12.65
2025-11-17 07:00:00,70.5,12.7
2025-11-17 08:00:00,72.0,12.7
2025-11-17 10:00:00,71.8,12.53
2025-11-17 11:00:00,67.2,11.72
2025-11-17 12:00:00,66.7,11.37
2025-11-17 14:00:00,63.2,11.08
2025-11-17 15:00:00,61.3,10.93
2025-11-17 16:00:00,60.2,10.87
2025-11-17 17:00:00,62.3,10.62
2025-11-17 18:00:00,62.0,10.37
2025-11-17 19:00:00,62.0,10.2
2025-11-17 20:00:00,62.2,9.95
2025-11-17 21:00:00,61.2,9.73
2025-11-17 22:00:00,60.2,9.45
2025-11-17 23:00:00,60.0,9.13
2025-11-18 00:00:00,61.0,9.0
2025-11-18 02:00:00,60.0,8.32
2025-11-18 03:00:00,59.7,8.07
2025-11-18 04:00:00,59.2,7.72
2025-11-18 05:00:00,59.2,7.42
2025-11-18 06:00:00,59.0,7.17
2025-11-18 07:00:00,59.2,6.93
2025-11-18 09:00:00,60.0,7.22
2025-11-18 10:00:00,59.2,7.68
2025-11-18 11:00:00,56.5,8.0
2025-11-18 12:00:00,55.5,8.13
2025-11-18 13:00:00,54.7,8.37
2025-11-18 14:00:00,54.2,8.4
2025-11-18 15:00:00,54.2,8.4
2025-11-18 16:00:00,55.3,8.28
2025-11-18 17:00:00,56.0,8.05
2025-11-18 18:00:00,56.0,7.83
2025-11-18 19:00:00,56.7,7.62
2025-11-18 20:00:00,57.7,7.38
2025-11-18 21:00:00,57.3,7.25
2025-11-18 22:00:00,57.0,7.12
2025-11-18 23:00:00,57.3,6.98
2025-11-19 00:00:00,58.0,6.87
2025-11-19 01:00:00,58.0,6.65
2025-11-19 02:00:00,58.0,6.53
2025-11-19 03:00:00,58.2,6.43
2025-11-19 04:00:00,58.3,6.25
2025-11-19 05:00:00,59.0,6.13
2025-11-19 06:00:00,59.0,6.02
2025-11-19 07:00:00,59.2,5.93
2025-11-19 08:00:00,59.7,6.32
2025-11-19 09:00:00,58.0,6.87
2025-11-19 10:00:00,56.2,7.5
2025-11-19 11:00:00,54.0,7.78
2025-11-19 12:00:00,52.3,7.93
2025-11-19 13:00:00,51.2,8.13
2025-11-19 15:00:00,51.2,8.47
2025-11-19 16:00:00,51.0,8.4
2025-11-19 17:00:00,51.0,8.37
2025-11-19 18:00:00,51.2,8.37
2025-11-19 19:00:00,50.8,8.3
2025-11-19 20:00:00,50.0,8.4
2025-11-19 21:00:00,50.8,8.33
2025-11-19 22:00:00,55.5,8.3
2025-11-19 23:00:00,58.3,8.4
2025-11-20 00:00:00,60.5,8.33
2025-11-20 01:00:00,61.5,8.02
2025-11-20 02:00:00,62.0,7.98
2025-11-20 03:00:00,61.5,8.0
2025-11-20 04:00:00,61.8,7.83
2025-11-20 05:00:00,62.0,7.83
2025-11-20 06:00:00,62.5,7.62
2025-11-20 07:00:00,63.0,7.57
2025-11-20 08:00:00,62.3,7.5
2025-11-20 11:00:00,57.7,7.92
2025-11-20 12:00:00,56.3,7.92
2025-11-20 13:00:00,57.7,7.97
2025-11-20 14:00:00,61.0,7.73
2025-11-20 15:00:00,62.0,7.62
2025-11-20 16:00:00,61.5,7.45
2025-11-20 17:00:00,62.0,7.33
2025-11-20 18:00:00,61.5,7.25
2025-11-20 19:00:00,61.7,7.12
2025-11-20 20:00:00,62.0,7.03
2025-11-20 21:00:00,62.2,6.92
2025-11-20 22:00:00,62.3,6.85
2025-11-20 23:00:00,62.3,6.75
2025-11-21 00:00:00,62.0,6.6
2025-11-21 01:00:00,61.0,6.28
2025-11-21 02:00:00,60.2,6.05
2025-11-21 03:00:00,59.2,5.95
2025-11-21 04:00:00,59.8,5.9
2025-11-21 05:00:00,60.0,5.82
2025-11-21 06:00:00,60.5,5.8
2025-11-21 07:00:00,62.3,5.72
2025-11-21 08:00:00,61.7,5.62
2025-11-21 09:00:00,58.3,7.32
2025-11-21 10:00:00,49.5,10.38
2025-11-21 11:00:00,49.8,8.52
2025-11-21 12:00:00,50.2,7.5
2025-11-21 13:00:00,49.7,7.12
2025-11-21 14:00:00,48.3,6.95
2025-11-21 15:00:00,49.5,6.72
2025-11-21 16:00:00,52.5,6.5
2025-11-21 17:00:00,53.8,6.3
2025-11-21 18:00:00,54.0,6.17
2025-11-21 19:00:00,54.2,5.92
2025-11-21 20:00:00,55.7,5.75
2025-11-21 21:00:00,53.7,5.52
2025-11-21 22:00:00,53.0,5.4
2025-11-21 23:00:00,52.3,5.35
2025-11-22 00:00:00,52.0,5.15
2025-11-22 01:00:00,52.0,5.03
2025-11-22 02:00:00,51.2,4.92
2025-11-22 03:00:00,51.0,4.7
2025-11-22 04:00:00,51.0,4.58
2025-11-22 05:00:00,51.0,4.43
2025-11-22 06:00:00,51.0,4.32
2025-11-22 07:00:00,52.0,4.2
2025-11-22 08:00:00,52.2,4.07
2025-11-22 09:00:00,52.3,4.13
2025-11-22 10:00:00,52.0,4.3
2025-11-22 11:00:00,52.5,4.4
2025-11-22 12:00:00,52.0,4.42
2025-11-22 13:00:00,51.0,4.56
2025-11-22 14:00:00,51.2,4.42
2025-11-22 15:00:00,52.0,4.3
2025-11-22 16:00:00,52.0,4.17
2025-11-22 17:00:00,52.7,4.03
2025-11-22 18:00:00,52.2,3.83
2025-11-22 19:00:00,52.7,3.6
2025-11-22 20:00:00,52.7,3.35
2025-11-22 21:00:00,53.0,3.1
2025-11-22 22:00:00,53.0,2.87
2025-11-22 23:00:00,53.0,2.65
2025-11-23 00:00:00,53.0,2.38
2025-11-23 01:00:00,53.0,2.15
2025-11-23 02:00:00,53.2,1.97
2025-11-23 03:00:00,53.8,1.9
2025-11-23 04:00:00,54.2,1.8
2025-11-23 05:00:00,54.5,1.87
2025-11-23 06:00:00,55.0,1.87
2025-11-23 07:00:00,54.2,2.55
2025-11-23 08:00:00,44.3,7.9
2025-11-23 09:00:00,44.0,9.6
2025-11-23 10:00:00,44.0,10.6
2025-11-23 11:00:00,44.7,10.53
2025-11-23 12:00:00,44.3,10.23
2025-11-23 13:00:00,44.0,10.05
2025-11-23 14:00:00,44.2,10.05
2025-11-23 15:00:00,45.0,10.1
2025-11-23 16:00:00,45.0,10.18
2025-11-23 17:00:00,45.0,10.2
2025-11-23 18:00:00,45.0,10.27
2025-11-23 19:00:00,45.0,10.3
2025-11-23 20:00:00,45.8,10.3
2025-11-23 21:00:00,46.0,10.5
2025-11-23 22:00:00,46.0,10.65
2025-11-23 23:00:00,46.0,10.72
2025-11-24 00:00:00,46.0,10.8
2025-11-24 01:00:00,46.0,10.9
2025-11-24 02:00:00,46.0,10.94
2025-11-24 04:00:00,47.0,11.1
2025-11-24 05:00:00,47.0,11.1
2025-11-24 06:00:00,47.0,11.2
2025-11-24 07:00:00,50.5,11.43
2025-11-24 08:00:00,53.8,11.68
2025-11-24 09:00:00,54.0,11.96
2025-11-24 10:00:00,54.0,12.3
2025-11-24 11:00:00,54.0,12.47
2025-11-24 12:00:00,53.0,12.7
2025-11-24 13:00:00,53.0,12.97
2025-11-24 14:00:00,53.7,13.03
2025-11-24 15:00:00,54.0,13.05
2025-11-24 16:00:00,54.0,13.0
2025-11-24 17:00:00,54.0,13.0
2025-11-24 18:00:00,54.0,12.94
2025-11-24 21:00:00,53.0,13.1
2025-11-24 22:00:00,52.6,13.1
2025-11-24 23:00:00,52.0,13.1
2025-11-25 00:00:00,52.0,13.1
2025-11-25 01:00:00,52.0,13.15
2025-11-25 02:00:00,51.6,13.2
2025-11-25 03:00:00,51.0,13.3
2025-11-25 04:00:00,51.0,13.3
2025-11-25 05:00:00,50.2,13.3
2025-11-25 06:00:00,50.0,13.33
2025-11-25 07:00:00,50.0,13.37
2025-11-25 08:00:00,50.0,13.4
2025-11-25 09:00:00,50.2,13.43
2025-11-25 10:00:00,51.0,13.5
2025-11-25 11:00:00,51.0,13.57
2025-11-25 12:00:00,50.7,13.78
2025-11-25 13:00:00,49.0,14.4
2025-11-25 14:00:00,49.0,14.6
2025-11-25 15:00:00,48.0,14.53
2025-11-25 16:00:00,48.0,14.35
2025-11-25 17:00:00,48.0,14.23
2025-11-25 18:00:00,48.0,14.2
2025-11-25 19:00:00,48.0,14.15
2025-11-25 20:00:00,48.0,14.1
2025-11-25 21:00:00,48.0,14.1
2025-11-25 22:00:00,47.7,14.1
2025-11-25 23:00:00,47.0,14.1
2025-11-26 00:00:00,47.0,14.1
2025-11-26 01:00:00,47.0,14.1
2025-11-26 02:00:00,47.0,14.1
2025-11-26 03:00:00,47.0,14.1
2025-11-26 04:00:00,47.0,14.1
2025-11-26 05:00:00,47.0,14.1
2025-11-26 06:00:00,47.0,14.1
2025-11-26 07:00:00,47.0,14.4
2025-11-26 08:00:00,47.0,14.58
2025-11-26 09:00:00,48.0,14.57
2025-11-26 10:00:00,48.0,14.5
2025-11-26 11:00:00,48.8,14.58
2025-11-26 12:00:00,49.0,14.6
2025-11-26 13:00:00,48.8,14.7
2025-11-26 14:00:00,48.0,14.72
2025-11-26 15:00:00,48.0,14.78
2025-11-26 17:00:00,48.0,14.6
2025-11-26 18:00:00,48.7,14.68
2025-11-26 19:00:00,49.5,14.7
2025-11-26 20:00:00,50.0,14.7
2025-11-26 21:00:00,50.0,14.7
2025-11-26 22:00:00,49.0,14.7
2025-11-26 23:00:00,49.0,14.7
2025-11-27 00:00:00,49.0,14.7
2025-11-27 01:00:00,49.0,14.7
2025-11-27 02:00:00,48.2,14.7
2025-11-27 03:00:00,48.0,14.6
2025-11-27 04:00:00,48.0,14.6
2025-11-27 05:00:00,48.0,14.6
2025-11-27 06:00:00,48.0,14.6
2025-11-27 07:00:00,47.0,14.7
2025-11-27 08:00:00,44.8,15.43
2025-11-27 09:00:00,44.2,15.75
2025-11-27 10:00:00,45.0,15.57
2025-11-27 11:00:00,45.0,15.58
2025-11-27 12:00:00,44.8,15.63
2025-11-27 13:00:00,44.0,15.7
2025-11-27 14:00:00,43.2,15.78
2025-11-27 15:00:00,43.0,15.7
2025-11-27 16:00:00,43.8,15.53
2025-11-27 17:00:00,44.0,15.4
2025-11-27 18:00:00,45.0,15.3
2025-11-27 19:00:00,45.0,15.3
2025-11-27 20:00:00,45.0,15.25
2025-11-27 21:00:00,45.0,15.2
2025-11-27 22:00:00,45.0,15.12
2025-11-27 23:00:00,45.0,15.1
2025-11-28 00:00:00,44.3,15.07
2025-11-28 01:00:00,44.0,15.0
2025-11-28 02:00:00,44.0,14.95
2025-11-28 03:00:00,44.0,14.8
2025-11-28 04:00:00,43.0,14.63
2025-11-28 05:00:00,43.0,14.53
2025-11-28 06:00:00,42.7,14.42
2025-11-28 07:00:00,43.0,14.4
2025-11-28 08:00:00,41.4,14.7
2025-11-28 09:00:00,40.0,14.9
2025-11-28 10:00:00,40.5,14.92
2025-11-28 11:00:00,41.5,15.0
2025-11-28 12:00:00,42.0,15.0
2025-11-28 13:00:00,42.0,15.05
2025-11-28 14:00:00,42.0,15.12
2025-11-28 15:00:00,42.0,15.2
2025-11-28 16:00:00,42.3,15.2
2025-11-28 17:00:00,43.0,15.2
2025-11-28 18:00:00,43.0,15.2
2025-11-28 19:00:00,43.0,15.2
2025-11-28 20:00:00,43.0,15.2
2025-11-28 21:00:00,43.0,15.2
2025-11-28 22:00:00,43.0,15.2
2025-11-28 23:00:00,43.0,15.2
2025-11-29 00:00:00,43.0,15.2
2025-11-29 01:00:00,43.5,15.2
2025-11-29 02:00:00,44.0,15.2
2025-11-29 03:00:00,44.0,15.2
2025-11-29 04:00:00,44.0,15.2
2025-11-29 05:00:00,44.0,15.2
2025-11-29 06:00:00,44.0,15.22
2025-11-29 07:00:00,44.3,15.3
2025-11-29 08:00:00,45.0,15.32
2025-11-29 09:00:00,45.0,15.43
2025-11-29 10:00:00,45.0,15.5
2025-11-29 11:00:00,45.0,15.54
2025-11-29 12:00:00,46.0,15.6
2025-11-29 13:00:00,46.0,15.72
2025-11-29 14:00:00,46.0,15.8
2025-11-29 15:00:00,46.0,15.9
2025-11-29 16:00:00,46.0,15.93
2025-11-29 17:00:00,46.0,16.12
2025-11-29 18:00:00,46.7,16.2
2025-11-29 19:00:00,48.7,16.23
2025-11-29 20:00:00,47.5,16.22
2025-11-29 21:00:00,47.0,16.13
2025-11-29 22:00:00,46.2,16.1
2025-11-29 23:00:00,46.0,16.02
2025-11-30 00:00:00,46.0,16.0
2025-11-30 01:00:00,46.0,16.0
2025-11-30 02:00:00,46.0,15.92
2025-11-30 03:00:00,45.8,15.9
2025-11-30 04:00:00,45.2,15.9
2025-11-30 05:00:00,45.0,15.9
2025-11-30 06:00:00,45.0,15.9
2025-11-30 07:00:00,45.0,15.97
2025-11-30 08:00:00,44.2,16.13
2025-11-30 09:00:00,44.5,16.5
2025-11-30 10:00:00,45.0,16.77
2025-11-30 11:00:00,45.0,16.82
2025-11-30 12:00:00,45.0,16.9
2025-11-30 13:00:00,45.0,16.95
2025-11-30 14:00:00,45.0,17.0
2025-11-30 15:00:00,45.0,17.0
2025-11-30 16:00:00,45.0,17.02
2025-11-30 17:00:00,45.0,17.1
2025-11-30 18:00:00,45.0,17.1
2025-11-30 19:00:00,45.0,17.1
2025-11-30 20:00:00,45.0,17.1
2025-11-30 21:00:00,45.0,17.1
2025-11-30 22:00:00,45.0,17.1
2025-11-30 23:00:00,45.0,17.1
2025-12-01 00:00:00,45.0,17.1
2025-12-01 01:00:00,45.0,17.1
2025-12-01 02:00:00,45.0,17.1
2025-12-01 03:00:00,45.0,17.1
2025-12-01 04:00:00,45.0,17.1
2025-12-01 05:00:00,45.0,17.1
2025-12-01 06:00:00,45.0,17.12
2025-12-01 07:00:00,45.0,17.0
2025-12-01 08:00:00,45.0,16.9
2025-12-01 09:00:00,45.0,16.8
2025-12-01 10:00:00,45.0,16.8
2025-12-01 11:00:00,45.0,16.8
2025-12-01 12:00:00,45.0,16.8
2025-12-01 13:00:00,45.0,16.8
2025-12-01 14:00:00,44.7,17.15
2025-12-01 15:00:00,43.3,17.82
2025-12-01 16:00:00,44.0,17.47
2025-12-01 17:00:00,44.8,17.28
2025-12-01 18:00:00,45.0,17.2
2025-12-01 19:00:00,45.0,17.1
2025-12-01 20:00:00,45.0,17.05
2025-12-01 21:00:00,45.0,16.97
2025-12-01 22:00:00,45.0,16.9
2025-12-01 23:00:00,44.8,16.82
2025-12-02 00:00:00,44.0,16.75
2025-12-02 01:00:00,44.0,16.7
2025-12-02 02:00:00,44.0,16.6
2025-12-02 03:00:00,44.0,16.57
2025-12-02 04:00:00,44.0,16.5
2025-12-02 05:00:00,44.0,16.42
2025-12-02 06:00:00,43.7,16.38
2025-12-02 07:00:00,42.3,16.82
2025-12-02 08:00:00,39.5,17.97
2025-12-02 09:00:00,38.2,18.7
2025-12-02 10:00:00,38.0,19.17
2025-12-02 11:00:00,39.0,18.58
2025-12-02 12:00:00,40.0,18.15
2025-12-02 13:00:00,40.8,17.85
2025-12-02 14:00:00,41.0,17.68
2025-12-02 15:00:00,41.3,17.53
2025-12-02 16:00:00,42.0,17.42
2025-12-02 17:00:00,42.0,17.28
2025-12-02 18:00:00,42.0,17.17
2025-12-02 19:00:00,42.0,17.07
2025-12-02 20:00:00,42.0,16.98
2025-12-02 21:00:00,42.0,16.9
2025-12-02 22:00:00,43.0,16.82
2025-12-02 23:00:00,43.0,16.78
2025-12-03 00:00:00,43.0,16.7
2025-12-03 01:00:00,43.0,16.62
2025-12-03 02:00:00,43.0,16.6
2025-12-03 03:00:00,43.0,16.52
2025-12-03 04:00:00,43.0,16.5
2025-12-03 05:00:00,43.0,16.4
2025-12-03 06:00:00,43.0,16.4
2025-12-03 07:00:00,42.5,16.45
2025-12-03 08:00:00,42.0,16.58
2025-12-03 09:00:00,41.8,16.62
2025-12-03 10:00:00,43.0,16.7
2025-12-03 11:00:00,42.3,16.7
2025-12-03 12:00:00,42.0,16.7
2025-12-03 13:00:00,42.0,16.7
2025-12-03 14:00:00,41.8,16.67
2025-12-03 15:00:00,42.0,16.57
2025-12-03 16:00:00,42.0,16.5
2025-12-03 17:00:00,43.0,16.5
2025-12-03 18:00:00,43.0,16.4
2025-12-03 19:00:00,43.0,16.4
2025-12-03 20:00:00,43.0,16.4
2025-12-03 21:00:00,43.0,16.35
2025-12-03 22:00:00,43.0,16.3
2025-12-03 23:00:00,43.0,16.3
2025-12-04 00:00:00,43.0,16.3
2025-12-04 02:00:00,43.0,16.2
2025-12-04 03:00:00,43.0,16.2
2025-12-04 04:00:00,43.0,16.2
2025-12-04 05:00:00,43.0,16.2
2025-12-04 06:00:00,43.0,16.2
2025-12-04 07:00:00,43.0,16.15
2025-12-04 08:00:00,43.0,16.17
2025-12-04 09:00:00,43.0,16.2
2025-12-04 10:00:00,42.0,16.2
2025-12-04 11:00:00,43.0,16.2
2025-12-04 12:00:00,43.0,16.15
2025-12-04 13:00:00,43.0,16.2
2025-12-04 14:00:00,43.0,16.2
2025-12-04 15:00:00,43.0,16.2
2025-12-04 16:00:00,44.0,16.2
2025-12-04 17:00:00,44.0,16.2
2025-12-04 18:00:00,44.0,16.2
2025-12-04 19:00:00,44.0,16.2
2025-12-04 20:00:00,44.0,16.15
2025-12-04 21:00:00,44.0,16.1
2025-12-04 22:00:00,44.0,16.1
2025-12-04 23:00:00,44.0,16.1
2025-12-05 00:00:00,44.0,16.1
2025-12-05 01:00:00,44.0,16.1
2025-12-05 02:00:00,44.0,16.1
2025-12-05 03:00:00,44.0,16.1
2025-12-05 04:00:00,44.0,16.1
2025-12-05 05:00:00,44.0,16.1
2025-12-05 06:00:00,44.0,16.1
2025-12-05 07:00:00,44.0,16.12
2025-12-05 08:00:00,44.0,16.2
2025-12-05 09:00:00,44.5,16.2
2025-12-05 10:00:00,45.0,16.2
2025-12-05 11:00:00,45.0,16.22
2025-12-05 12:00:00,45.0,16.3
2025-12-05 13:00:00,45.0,16.3
2025-12-05 14:00:00,45.0,16.37
2025-12-05 15:00:00,45.7,16.43
2025-12-05 16:00:00,47.0,16.5
2025-12-05 17:00:00,46.2,16.5
2025-12-05 18:00:00,46.0,16.5
2025-12-05 19:00:00,46.0,16.5
2025-12-05 20:00:00,46.8,16.5
2025-12-05 21:00:00,46.0,16.5
2025-12-05 22:00:00,46.0,16.5
2025-12-05 23:00:00,46.0,16.43
2025-12-06 00:00:00,46.0,16.4
2025-12-06 01:00:00,46.0,16.4
2025-12-06 02:00:00,45.2,16.35
2025-12-06 03:00:00,45.0,16.3
2025-12-06 04:00:00,45.0,16.3
2025-12-06 05:00:00,45.0,16.22
2025-12-06 06:00:00,45.0,16.2
2025-12-06 07:00:00,45.0,16.2
2025-12-06 08:00:00,44.0,16.28
2025-12-06 09:00:00,44.0,16.37
2025-12-06 10:00:00,44.0,16.42
2025-12-06 11:00:00,44.0,16.45
2025-12-06 12:00:00,44.5,16.5
2025-12-06 13:00:00,45.0,16.5
2025-12-06 14:00:00,45.0,16.58
2025-12-06 15:00:00,45.0,16.6
2025-12-06 16:00:00,45.0,16.6
2025-12-06 17:00:00,45.0,16.63
2025-12-06 18:00:00,45.0,16.67
2025-12-06 19:00:00,45.0,16.7
2025-12-06 20:00:00,45.5,16.7
2025-12-06 21:00:00,46.0,16.7
2025-12-06 22:00:00,46.0,16.7
2025-12-06 23:00:00,46.0,16.7
2025-12-07 00:00:00,46.0,16.7
2025-12-07 01:00:00,46.0,16.7
2025-12-07 02:00:00,46.5,16.7
2025-12-07 03:00:00,47.0,16.77
2025-12-07 04:00:00,47.0,16.8
2025-12-07 05:00:00,47.0,16.82
2025-12-07 06:00:00,47.0,16.82
2025-12-07 07:00:00,47.0,16.9
2025-12-07 08:00:00,47.0,16.9
2025-12-07 09:00:00,47.0,16.9
2025-12-07 10:00:00,47.0,16.9
2025-12-07 11:00:00,47.7,17.0
2025-12-07 12:00:00,48.0,17.0
2025-12-07 13:00:00,48.0,17.0
2025-12-07 14:00:00,48.0,17.08
2025-12-07 15:00:00,48.5,17.1
2025-12-07 16:00:00,51.7,17.2
2025-12-07 17:00:00,52.7,17.52
2025-12-07 18:00:00,52.0,17.52
2025-12-07 19:00:00,51.0,17.5
2025-12-07 20:00:00,51.0,17.5
2025-12-07 21:00:00,50.8,17.6
2025-12-07 22:00:00,50.0,17.6
2025-12-07 23:00:00,50.0,17.6
2025-12-08 00:00:00,50.0,17.6
2025-12-08 01:00:00,50.0,17.6
2025-12-08 02:00:00,50.0,17.6
2025-12-08 03:00:00,50.2,17.6
2025-12-08 04:00:00,50.0,17.6
2025-12-08 05:00:00,50.0,17.62
2025-12-08 06:00:00,50.2,17.7
2025-12-08 07:00:00,50.8,17.7
2025-12-08 08:00:00,51.0,17.7
2025-12-08 09:00:00,51.0,17.7
2025-12-08 10:00:00,51.0,17.77
2025-12-08 11:00:00,51.0,17.8
2025-12-08 12:00:00,51.0,17.87
2025-12-08 13:00:00,51.2,17.95
2025-12-08 14:00:00,52.0,18.02
2025-12-08 15:00:00,52.0,18.1
2025-12-08 16:00:00,52.0,18.13
2025-12-08 17:00:00,52.0,18.2
2025-12-08 18:00:00,52.0,18.2
2025-12-08 19:00:00,52.0,18.28
2025-12-08 20:00:00,52.0,18.3
2025-12-08 21:00:00,52.0,18.3
2025-12-08 22:00:00,51.3,18.3
2025-12-08 23:00:00,51.0,18.3
2025-12-09 00:00:00,51.0,18.3
2025-12-09 01:00:00,51.0,18.3
2025-12-09 02:00:00,51.0,18.25
2025-12-09 03:00:00,51.0,18.2
2025-12-09 04:00:00,50.0,18.2
2025-12-09 05:00:00,50.0,18.2
2025-12-09 06:00:00,50.0,18.2
2025-12-09 07:00:00,50.0,18.28
2025-12-09 08:00:00,50.0,18.25
2025-12-09 09:00:00,50.0,18.3
2025-12-09 10:00:00,50.0,18.3
2025-12-09 11:00:00,50.0,18.3
2025-12-09 12:00:00,50.0,18.3
2025-12-09 13:00:00,50.0,18.4
2025-12-09 14:00:00,50.0,18.5
2025-12-09 15:00:00,48.2,19.25
2025-12-09 16:00:00,46.2,20.24
2025-12-09 17:00:00,44.0,21.1
2025-12-09 18:00:00,44.7,21.47
2025-12-09 19:00:00,44.7,22.12
2025-12-09 20:00:00,44.5,21.42
2025-12-09 21:00:00,45.0,20.8
2025-12-09 22:00:00,45.7,20.47
2025-12-09 23:00:00,46.0,20.25
2025-12-10 00:00:00,46.0,20.07
2025-12-10 01:00:00,46.0,19.9
2025-12-10 02:00:00,46.0,19.77
2025-12-10 03:00:00,46.0,19.65
2025-12-10 04:00:00,46.0,19.48
2025-12-10 05:00:00,45.3,19.38
2025-12-10 06:00:00,45.0,19.3
2025-12-10 07:00:00,45.0,19.22
2025-12-10 08:00:00,44.2,19.2
2025-12-10 09:00:00,44.0,19.2
2025-12-10 10:00:00,44.8,19.2
2025-12-10 11:00:00,44.0,19.2
2025-12-10 13:00:00,45.0,19.3
2025-12-10 14:00:00,45.0,19.3
2025-12-10 15:00:00,45.8,19.35
2025-12-10 16:00:00,46.0,19.33
2025-12-10 17:00:00,46.0,19.3
2025-12-10 18:00:00,46.0,19.3
2025-12-10 19:00:00,46.3,19.3
2025-12-10 20:00:00,46.8,19.3
2025-12-10 21:00:00,46.0,19.27
2025-12-10 22:00:00,46.2,19.2
2025-12-10 23:00:00,46.0,19.2
2025-12-11 00:00:00,46.0,19.2
2025-12-11 01:00:00,46.2,19.2
2025-12-11 02:00:00,47.0,19.15
2025-12-11 03:00:00,47.0,19.1
2025-12-11 04:00:00,47.0,19.1
2025-12-11 05:00:00,47.0,19.1
2025-12-11 06:00:00,47.0,19.05
2025-12-11 07:00:00,47.0,19.0
2025-12-11 08:00:00,47.0,19.0
2025-12-11 09:00:00,47.0,18.95
2025-12-11 10:00:00,47.0,18.97
2025-12-11 11:00:00,47.0,19.05
2025-12-11 12:00:00,47.0,19.1
2025-12-11 13:00:00,47.0,19.1
2025-12-11 14:00:00,47.0,19.18
2025-12-11 15:00:00,47.0,19.2
2025-12-11 16:00:00,47.0,19.2
2025-12-11 17:00:00,47.0,19.1
2025-12-11 18:00:00,47.0,19.1
2025-12-11 19:00:00,47.0,19.1
2025-12-11 20:00:00,47.0,19.1
2025-12-11 21:00:00,47.0,19.1
2025-12-11 22:00:00,47.0,19.1
2025-12-11 23:00:00,47.0,19.1
2025-12-12 00:00:00,47.0,19.08
2025-12-12 01:00:00,47.0,19.0
2025-12-12 02:00:00,47.0,19.0
2025-12-12 03:00:00,47.0,19.0
2025-12-12 04:00:00,47.0,18.92
2025-12-12 05:00:00,47.0,18.9
2025-12-12 06:00:00,47.0,18.9
2025-12-12 07:00:00,47.0,18.9
2025-12-12 08:00:00,47.0,18.85
2025-12-12 09:00:00,46.8,18.82
2025-12-12 10:00:00,46.0,18.87
2025-12-12 11:00:00,45.0,18.9
2025-12-12 13:00:00,44.0,19.1
2025-12-12 14:00:00,44.0,19.15
2025-12-12 15:00:00,44.0,19.13
2025-12-12 16:00:00,44.7,19.03
2025-12-12 17:00:00,45.0,19.0
2025-12-12 18:00:00,45.0,19.0
2025-12-12 19:00:00,45.0,18.97
2025-12-12 20:00:00,45.0,18.9
2025-12-12 21:00:00,45.0,18.9
2025-12-12 22:00:00,45.0,18.9
2025-12-12 23:00:00,45.0,18.87
2025-12-13 00:00:00,45.0,18.8
2025-12-13 01:00:00,45.0,18.8
2025-12-13 02:00:00,45.0,18.72
2025-12-13 03:00:00,45.0,18.7
2025-12-13 04:00:00,45.0,18.7
2025-12-13 05:00:00,45.0,18.7
2025-12-13 06:00:00,45.0,18.68
2025-12-13 07:00:00,45.0,18.6
2025-12-13 08:00:00,45.0,18.6
2025-12-13 09:00:00,45.0,18.6
2025-12-13 10:00:00,45.0,18.6
2025-12-13 11:00:00,45.0,18.6
2025-12-13 12:00:00,45.0,18.55
2025-12-13 13:00:00,45.0,18.48
2025-12-13 14:00:00,45.0,18.47
2025-12-13 15:00:00,45.0,18.57
2025-12-13 16:00:00,45.0,18.6
2025-12-13 17:00:00,44.0,18.6
2025-12-13 18:00:00,44.0,18.52
2025-12-13 19:00:00,44.0,18.5
2025-12-13 20:00:00,44.0,18.48
2025-12-13 21:00:00,44.0,18.4
2025-12-13 22:00:00,44.3,18.4
2025-12-13 23:00:00,44.5,18.38
2025-12-14 00:00:00,44.7,18.3
2025-12-14 01:00:00,44.0,18.3
2025-12-14 02:00:00,44.0,18.3
2025-12-14 03:00:00,44.0,18.22
2025-12-14 04:00:00,44.0,18.2
2025-12-14 05:00:00,44.0,18.2
2025-12-14 06:00:00,44.0,18.1
2025-12-14 07:00:00,43.5,18.13
2025-12-14 08:00:00,41.8,18.63
2025-12-14 09:00:00,41.8,19.15
2025-12-14 10:00:00,41.8,19.64
2025-12-14 11:00:00,41.0,19.3
2025-12-14 12:00:00,41.0,19.15
2025-12-14 13:00:00,42.0,18.93
2025-12-14 14:00:00,42.0,18.8
2025-12-14 15:00:00,42.0,18.75
2025-12-14 16:00:00,42.0,18.7
2025-12-14 17:00:00,42.0,18.62
2025-12-14 18:00:00,42.0,18.6
2025-12-14 19:00:00,42.0,18.5
2025-12-14 20:00:00,42.0,18.47
2025-12-14 21:00:00,42.0,18.4
2025-12-14 22:00:00,42.0,18.33
2025-12-14 23:00:00,42.0,18.3
2025-12-15 00:00:00,42.0,18.22
2025-12-15 01:00:00,42.0,18.2
2025-12-15 02:00:00,42.0,18.12
2025-12-15 03:00:00,42.0,18.07
2025-12-15 04:00:00,42.0,18.0
2025-12-15 05:00:00,42.0,17.93
2025-12-15 06:00:00,42.0,17.9
2025-12-15 07:00:00,42.0,17.8
2025-12-15 08:00:00,42.0,17.75
2025-12-15 09:00:00,41.0,17.73
2025-12-15 10:00:00,41.0,17.58
2025-12-15 11:00:00,41.0,17.5
2025-12-15 12:00:00,41.0,17.6
2025-12-15 13:00:00,41.6,17.6
2025-12-15 14:00:00,41.0,17.7
2025-12-15 15:00:00,41.0,17.7
2025-12-15 16:00:00,41.0,17.68
2025-12-15 17:00:00,41.0,17.53
2025-12-15 18:00:00,41.0,17.55
2025-12-15 19:00:00,41.0,17.52
2025-12-15 20:00:00,41.0,17.5
2025-12-15 21:00:00,41.0,17.4
2025-12-15 22:00:00,41.0,17.35
2025-12-15 23:00:00,41.0,17.3
2025-12-16 00:00:00,41.0,17.2
2025-12-16 01:00:00,41.0,17.18
2025-12-16 02:00:00,41.0,17.1
2025-12-16 03:00:00,41.0,17.1
2025-12-16 04:00:00,41.0,17.0
2025-12-16 05:00:00,41.0,17.0
2025-12-16 06:00:00,41.0,17.0
2025-12-16 07:00:00,41.0,16.9
2025-12-16 08:00:00,41.0,16.9
2025-12-16 09:00:00,41.0,16.9
2025-12-16 10:00:00,41.0,16.9
2025-12-16 11:00:00,41.0,16.9
2025-12-16 12:00:00,41.0,16.9
2025-12-16 13:00:00,41.2,16.9
2025-12-16 14:00:00,42.0,16.9
2025-12-16 15:00:00,41.7,16.87
2025-12-16 16:00:00,42.0,16.8
2025-12-16 17:00:00,42.0,16.8
2025-12-16 18:00:00,42.0,16.8
2025-12-16 19:00:00,42.0,16.8
2025-12-16 20:00:00,42.0,16.7
2025-12-16 21:00:00,42.0,16.7
2025-12-16 22:00:00,42.0,16.7
2025-12-16 23:00:00,42.0,16.7
2025-12-17 00:00:00,42.0,16.62
2025-12-17 01:00:00,42.0,16.6
2025-12-17 02:00:00,42.0,16.6
2025-12-17 03:00:00,42.0,16.53
2025-12-17 04:00:00,42.0,16.5
2025-12-17 05:00:00,42.0,16.5
2025-12-17 06:00:00,42.0,16.5
2025-12-17 07:00:00,42.0,16.4
2025-12-17 08:00:00,42.0,16.4
2025-12-17 09:00:00,42.0,16.43
2025-12-17 10:00:00,42.0,16.5
2025-12-17 11:00:00,43.0,16.5
2025-12-17 12:00:00,43.0,16.57
2025-12-17 13:00:00,43.0,16.6
2025-12-17 14:00:00,43.0,16.63
2025-12-17 15:00:00,43.0,16.7
2025-12-17 16:00:00,43.0,16.7
2025-12-17 17:00:00,44.0,16.7
2025-12-17 18:00:00,44.0,16.7
2025-12-17 19:00:00,44.0,16.7
2025-12-17 20:00:00,44.0,16.7
2025-12-17 21:00:00,44.0,16.7
2025-12-17 22:00:00,44.0,16.65
2025-12-17 23:00:00,44.0,16.6
2025-12-18 00:00:00,44.0,16.6
2025-12-18 01:00:00,43.8,16.6
2025-12-18 02:00:00,43.0,16.55
2025-12-18 03:00:00,43.0,16.5
2025-12-18 04:00:00,43.0,16.5
2025-12-18 05:00:00,43.0,16.5
2025-12-18 06:00:00,43.0,16.4
2025-12-18 07:00:00,43.0,16.4
2025-12-18 08:00:00,42.4,16.38
2025-12-18 09:00:00,43.0,16.3
2025-12-18 10:00:00,43.0,16.3
2025-12-18 11:00:00,43.0,16.4
2025-12-18 12:00:00,43.0,16.4
2025-12-18 13:00:00,43.0,16.5
2025-12-18 14:00:00,43.0,16.53
2025-12-18 15:00:00,43.0,16.6
2025-12-18 16:00:00,43.0,16.6
2025-12-18 17:00:00,43.0,16.6
2025-12-18 18:00:00,43.3,16.53
2025-12-18 19:00:00,44.0,16.57
2025-12-18 20:00:00,43.0,16.6
2025-12-18 21:00:00,43.0,16.5
2025-12-18 22:00:00,43.0,16.5
2025-12-18 23:00:00,43.0,16.43
2025-12-19 00:00:00,43.0,16.4
2025-12-19 01:00:00,42.8,16.35
2025-12-19 02:00:00,42.0,16.3
2025-12-19 03:00:00,42.0,16.3
2025-12-19 04:00:00,42.0,16.25
2025-12-19 05:00:00,42.0,16.2
2025-12-19 06:00:00,42.0,16.2
2025-12-19 07:00:00,42.0,16.2
2025-12-19 08:00:00,42.0,16.13
2025-12-19 09:00:00,42.0,16.1
2025-12-19 10:00:00,42.0,16.1
2025-12-19 11:00:00,42.0,16.1
2025-12-19 12:00:00,42.8,16.17
2025-12-19 13:00:00,43.0,16.2
2025-12-19 14:00:00,43.0,16.28
2025-12-19 15:00:00,43.0,16.35
2025-12-19 16:00:00,43.0,16.35
2025-12-19 17:00:00,43.0,16.3
2025-12-19 18:00:00,43.0,16.3
2025-12-19 19:00:00,43.0,16.3
2025-12-19 20:00:00,43.0,16.3
2025-12-19 21:00:00,43.0,16.3
2025-12-19 22:00:00,43.0,16.3
2025-12-19 23:00:00,43.0,16.3
2025-12-20 00:00:00,43.0,16.3
2025-12-20 01:00:00,43.0,16.3
2025-12-20 02:00:00,43.2,16.3
2025-12-20 03:00:00,43.5,16.3
2025-12-20 04:00:00,44.0,16.3
2025-12-20 05:00:00,43.8,16.3
2025-12-20 06:00:00,43.8,16.3
2025-12-20 07:00:00,43.0,16.3
2025-12-20 08:00:00,43.0,16.28
2025-12-20 09:00:00,44.0,16.2
2025-12-20 10:00:00,44.0,16.3
2025-12-20 11:00:00,44.0,16.47
2025-12-20 12:00:00,44.0,16.7
2025-12-20 13:00:00,44.0,16.8
2025-12-20 14:00:00,44.0,16.9
2025-12-20 15:00:00,44.0,16.9
2025-12-20 16:00:00,44.0,16.88
2025-12-20 17:00:00,44.0,16.9
2025-12-20 18:00:00,44.0,16.9
2025-12-20 19:00:00,44.0,16.9
2025-12-20 20:00:00,44.0,16.85
2025-12-20 21:00:00,44.0,16.8
2025-12-20 22:00:00,44.0,16.8
2025-12-20 23:00:00,44.0,16.73
2025-12-21 00:00:00,44.0,16.7
2025-12-21 01:00:00,44.0,16.7
2025-12-21 02:00:00,43.2,16.65
2025-12-21 03:00:00,43.0,16.6
2025-12-21 04:00:00,43.0,16.53
2025-12-21 05:00:00,43.0,16.5
2025-12-21 06:00:00,43.0,16.48
2025-12-21 07:00:00,42.0,16.5
2025-12-21 08:00:00,41.3,17.17
2025-12-21 09:00:00,40.0,17.82
2025-12-21 10:00:00,40.8,17.95
2025-12-21 11:00:00,41.0,17.63
2025-12-21 12:00:00,41.0,17.45
2025-12-21 13:00:00,41.3,17.33
2025-12-21 14:00:00,42.0,17.25
2025-12-21 15:00:00,42.0,17.17
2025-12-21 16:00:00,42.0,17.1
2025-12-21 17:00:00,42.0,17.02
2025-12-21 18:00:00,42.0,17.0
2025-12-21 19:00:00,42.0,16.94
2025-12-21 20:00:00,42.0,16.9
2025-12-21 21:00:00,42.0,16.83
2025-12-21 22:00:00,42.0,16.8
2025-12-21 23:00:00,42.0,16.73
2025-12-22 00:00:00,42.0,16.7
2025-12-22 01:00:00,42.0,16.67
2025-12-22 02:00:00,42.0,16.6
2025-12-22 03:00:00,41.3,16.6
2025-12-22 04:00:00,41.0,16.52
2025-12-22 05:00:00,41.0,16.5
2025-12-22 06:00:00,41.0,16.45
2025-12-22 07:00:00,41.0,16.4
2025-12-22 08:00:00,41.0,16.4
2025-12-22 09:00:00,41.0,16.4
2025-12-22 10:00:00,40.3,16.4
2025-12-22 11:00:00,40.0,16.4
2025-12-22 12:00:00,40.0,16.3
2025-12-22 13:00:00,40.7,16.3
2025-12-22 14:00:00,41.0,16.3
2025-12-22 15:00:00,41.0,16.3
2025-12-22 16:00:00,41.0,16.2
2025-12-22 17:00:00,41.0,16.2
2025-12-22 18:00:00,41.0,16.13
2025-12-22 19:00:00,41.0,16.18
2025-12-22 20:00:00,41.0,16.3
2025-12-22 21:00:00,41.0,16.23
2025-12-22 22:00:00,41.0,16.2
2025-12-22 23:00:00,41.0,16.2
2025-12-23 00:00:00,41.0,16.15
2025-12-23 01:00:00,41.0,16.1
2025-12-23 02:00:00,41.0,16.1
2025-12-23 03:00:00,41.0,16.0
2025-12-23 04:00:00,41.0,16.0
2025-12-23 05:00:00,41.0,15.9
2025-12-23 06:00:00,41.0,15.9
2025-12-23 07:00:00,40.3,15.9
2025-12-23 08:00:00,40.0,15.9
2025-12-23 09:00:00,40.0,15.9
2025-12-23 10:00:00,39.8,15.92
2025-12-23 11:00:00,39.7,15.9
2025-12-23 12:00:00,40.0,15.85
2025-12-23 13:00:00,40.0,15.8
2025-12-23 14:00:00,40.0,15.83
2025-12-23 15:00:00,40.0,15.9
2025-12-23 16:00:00,40.0,15.9
2025-12-23 17:00:00,40.0,15.88
2025-12-23 18:00:00,40.0,15.8
2025-12-23 19:00:00,40.0,15.75
2025-12-23 20:00:00,40.0,15.7
2025-12-23 21:00:00,40.0,15.7
2025-12-23 22:00:00,40.0,15.62
2025-12-23 23:00:00,40.0,15.6
2025-12-24 00:00:00,40.0,15.6
2025-12-24 01:00:00,40.0,15.57
2025-12-24 02:00:00,40.0,15.5
2025-12-24 03:00:00,40.0,15.5
2025-12-24 04:00:00,40.0,15.5
2025-12-24 05:00:00,40.0,15.5
2025-12-24 06:00:00,40.0,15.5
2025-12-24 07:00:00,40.0,15.5
2025-12-24 08:00:00,40.0,15.45
2025-12-24 09:00:00,40.0,15.4
2025-12-24 10:00:00,40.0,15.4
2025-12-24 11:00:00,40.0,15.4
2025-12-24 12:00:00,40.0,15.4
2025-12-24 13:00:00,40.0,15.35
2025-12-24 14:00:00,39.7,15.37
2025-12-24 15:00:00,37.8,13.82
2025-12-24 16:00:00,39.0,14.6
2025-12-24 17:00:00,39.0,14.75
2025-12-24 18:00:00,39.0,14.95
2025-12-24 19:00:00,39.0,15.03
2025-12-24 20:00:00,39.8,15.25
2025-12-24 21:00:00,41.3,15.32
2025-12-24 22:00:00,41.3,15.55
2025-12-24 23:00:00,40.0,15.6
2025-12-25 00:00:00,40.0,15.53
2025-12-25 01:00:00,40.0,15.5
2025-12-25 02:00:00,40.0,15.42
2025-12-25 03:00:00,40.0,15.4
2025-12-25 04:00:00,40.0,15.3
2025-12-25 05:00:00,40.0,15.3
2025-12-25 06:00:00,40.0,15.2
2025-12-25 07:00:00,39.2,15.25
2025-12-25 08:00:00,37.5,15.73
2025-12-25 09:00:00,37.0,15.87
2025-12-25 10:00:00,37.2,16.03
2025-12-25 11:00:00,37.0,15.88
2025-12-25 12:00:00,38.0,15.7
2025-12-25 13:00:00,38.0,15.65
2025-12-25 14:00:00,38.0,15.57
2025-12-25 15:00:00,38.0,15.48
2025-12-25 16:00:00,38.3,15.4
2025-12-25 17:00:00,39.0,15.32
2025-12-25 18:00:00,39.0,15.2
2025-12-25 19:00:00,39.0,15.2
2025-12-25 20:00:00,39.0,15.17
2025-12-25 21:00:00,39.0,15.1
2025-12-25 22:00:00,39.0,15.1
2025-12-25 23:00:00,39.0,15.05
2025-12-26 00:00:00,39.0,15.0
2025-12-26 01:00:00,39.0,15.0
2025-12-26 02:00:00,39.0,15.0
2025-12-26 07:00:00,39.0,14.8
2025-12-26 08:00:00,39.0,14.8
2025-12-26 09:00:00,39.0,14.8
2025-12-26 10:00:00,39.0,14.8
2025-12-26 11:00:00,39.0,14.8
2025-12-26 12:00:00,39.0,14.8
2025-12-26 13:00:00,39.0,14.77
2025-12-26 14:00:00,39.0,14.7
2025-12-26 15:00:00,39.0,14.7
2025-12-26 16:00:00,39.0,14.7
2025-12-26 17:00:00,39.0,14.7
2025-12-26 18:00:00,39.0,14.65
2025-12-26 19:00:00,39.0,14.6
2025-12-26 20:00:00,39.0,14.6
2025-12-26 21:00:00,39.0,14.6
2025-12-26 22:00:00,39.0,14.6
2025-12-26 23:00:00,39.0,14.57
2025-12-27 00:00:00,39.0,14.5
2025-12-27 01:00:00,39.0,14.5
2025-12-27 02:00:00,39.0,14.5
2025-12-27 03:00:00,39.0,14.5
2025-12-27 04:00:00,39.0,14.5
2025-12-27 05:00:00,39.0,14.45
2025-12-27 06:00:00,39.0,14.4
2025-12-27 07:00:00,39.0,14.4
2025-12-27 08:00:00,39.0,14.4
2025-12-27 09:00:00,39.0,14.4
2025-12-27 10:00:00,39.0,14.4
2025-12-27 11:00:00,39.0,14.4
2025-12-27 12:00:00,39.0,14.4
2025-12-27 13:00:00,39.0,14.4
2025-12-27 14:00:00,39.0,14.4
2025-12-27 15:00:00,39.0,14.4
2025-12-27 16:00:00,39.0,14.4
2025-12-27 17:00:00,39.0,14.4
2025-12-27 18:00:00,39.0,14.3
2025-12-27 19:00:00,39.0,14.3
2025-12-27 20:00:00,39.0,14.3
2025-12-27 21:00:00,39.0,14.3
2025-12-27 22:00:00,39.0,14.3
2025-12-27 23:00:00,39.0,14.22
2025-12-28 00:00:00,39.0,14.2
2025-12-28 01:00:00,39.0,14.2
2025-12-28 02:00:00,39.0,14.2
2025-12-28 03:00:00,39.0,14.2
2025-12-28 04:00:00,39.0,14.18
2025-12-28 05:00:00,39.0,14.12
2025-12-28 06:00:00,39.0,14.1
2025-12-28 07:00:00,39.0,14.1
2025-12-28 08:00:00,39.0,14.1
2025-12-28 09:00:00,39.0,14.1
2025-12-28 10:00:00,39.0,14.1
2025-12-28 11:00:00,39.0,14.1
2025-12-28 12:00:00,39.0,14.22
2025-12-28 13:00:00,39.0,14.3
2025-12-28 14:00:00,39.0,14.32
2025-12-28 15:00:00,39.0,14.4
2025-12-28 16:00:00,39.0,14.37
2025-12-28 17:00:00,39.0,14.3
2025-12-28 18:00:00,39.0,14.3
2025-12-28 19:00:00,39.0,14.23
2025-12-28 20:00:00,39.0,14.2
2025-12-28 21:00:00,39.0,14.2
2025-12-28 22:00:00,39.0,14.1
2025-12-28 23:00:00,39.0,14.1
2025-12-29 00:00:00,39.0,14.1
2025-12-29 01:00:00,39.0,14.07
2025-12-29 02:00:00,39.0,14.0
2025-12-29 03:00:00,39.0,14.0
2025-12-29 04:00:00,39.0,14.0
2025-12-29 05:00:00,39.0,13.98
2025-12-29 06:00:00,39.0,13.9
2025-12-29 07:00:00,39.0,13.9
2025-12-29 08:00:00,39.0,13.9
2025-12-29 09:00:00,39.0,13.9
2025-12-29 10:00:00,39.0,13.9
2025-12-29 11:00:00,39.0,13.9
2025-12-29 12:00:00,39.0,13.9
2025-12-29 13:00:00,39.0,13.9
2025-12-29 14:00:00,39.0,13.9
2025-12-29 15:00:00,39.0,13.9
2025-12-29 16:00:00,39.0,13.85
2025-12-29 17:00:00,39.0,13.8
2025-12-29 18:00:00,39.0,13.8
2025-12-29 19:00:00,39.0,13.8
2025-12-29 20:00:00,39.0,13.8
2025-12-29 21:00:00,39.0,13.7
2025-12-29 22:00:00,39.0,13.7
2025-12-29 23:00:00,39.0,13.7
2025-12-30 00:00:00,39.0,13.65
2025-12-30 01:00:00,38.0,13.6
2025-12-30 02:00:00,38.0,13.6
2025-12-30 03:00:00,38.0,13.6
2025-12-30 04:00:00,38.0,13.5
2025-12-30 05:00:00,38.0,13.5
2025-12-30 06:00:00,38.0,13.5
2025-12-30 07:00:00,38.0,13.5
2025-12-30 08:00:00,38.0,13.5
2025-12-30 09:00:00,38.0,13.5
2025-12-30 10:00:00,38.0,13.5
2025-12-30 11:00:00,38.0,13.5
2025-12-30 12:00:00,38.0,13.6
2025-12-30 13:00:00,38.0,13.7
2025-12-30 14:00:00,38.0,13.7
2025-12-30 15:00:00,38.0,13.7
2025-12-30 16:00:00,38.0,13.7
2025-12-30 17:00:00,38.0,13.7
2025-12-30 18:00:00,38.0,13.7
2025-12-30 19:00:00,37.7,13.67
2025-12-30 20:00:00,37.0,13.6
2025-12-30 21:00:00,37.0,13.6
2025-12-30 22:00:00,37.0,13.6
2025-12-30 23:00:00,37.0,13.58
2025-12-31 00:00:00,37.0,13.5
2025-12-31 01:00:00,37.0,13.5
2025-12-31 02:00:00,36.7,13.43
2025-12-31 03:00:00,36.0,13.4
2025-12-31 04:00:00,36.0,13.38
2025-12-31 05:00:00,36.0,13.3
2025-12-31 06:00:00,36.0,13.28
2025-12-31 07:00:00,36.0,13.2
2025-12-31 08:00:00,36.0,13.2
2025-12-31 09:00:00,36.0,13.23
2025-12-31 10:00:00,36.0,13.37
2025-12-31 11:00:00,36.0,13.45
2025-12-31 12:00:00,36.0,13.5
2025-12-31 13:00:00,36.0,13.55
2025-12-31 14:00:00,36.0,13.6
2025-12-31 15:00:00,36.0,13.67
2025-12-31 16:00:00,35.8,13.42
2025-12-31 17:00:00,35.7,13.58
2025-12-31 18:00:00,35.0,13.6
2025-12-31 19:00:00,35.0,13.58
2025-12-31 20:00:00,35.0,13.5
2025-12-31 21:00:00,35.0,13.45
2025-12-31 22:00:00,35.0,13.4
2025-12-31 23:00:00,35.0,13.3
2026-01-01 00:00:00,34.8,13.27
2026-01-01 01:00:00,34.0,13.2
2026-01-01 02:00:00,34.0,13.12
2026-01-01 03:00:00,34.0,13.07
2026-01-01 04:00:00,34.0,13.0
2026-01-01 05:00:00,34.0,12.92
2026-01-01 06:00:00,34.0,12.87
2026-01-01 07:00:00,34.0,12.8
2026-01-01 08:00:00,34.0,12.8
2026-01-01 09:00:00,34.0,12.8
2026-01-01 10:00:00,34.0,12.88
2026-01-01 11:00:00,34.0,12.97
2026-01-01 12:00:00,34.3,13.02
2026-01-01 13:00:00,35.0,13.1
2026-01-01 14:00:00,35.0,13.2
2026-01-01 15:00:00,35.0,13.2
2026-01-01 16:00:00,35.0,13.2
2026-01-01 17:00:00,35.0,13.2
2026-01-01 18:00:00,35.0,13.2
2026-01-01 19:00:00,35.0,13.12
2026-01-01 20:00:00,35.0,13.07
2026-01-01 21:00:00,35.0,13.0
2026-01-01 22:00:00,35.0,13.0
2026-01-01 23:00:00,35.0,12.98
2026-01-02 00:00:00,35.0,12.9
2026-01-02 01:00:00,35.0,12.9
2026-01-02 02:00:00,35.0,12.9
2026-01-02 03:00:00,35.0,12.9
2026-01-02 04:00:00,35.0,12.82
2026-01-02 05:00:00,35.0,12.8
2026-01-02 06:00:00,35.0,12.8
2026-01-02 07:00:00,35.0,12.8
2026-01-02 08:00:00,35.0,12.8
2026-01-02 09:00:00,35.0,12.8
2026-01-02 10:00:00,35.0,12.8
2026-01-02 11:00:00,35.0,12.8
2026-01-02 12:00:00,35.3,12.8
2026-01-02 13:00:00,36.0,12.88
2026-01-02 14:00:00,36.0,12.9
2026-01-02 15:00:00,36.0,12.9
2026-01-02 16:00:00,36.0,12.92
2026-01-02 17:00:00,36.0,12.92
2026-01-02 18:00:00,36.0,12.9
2026-01-02 19:00:00,36.0,12.9
2026-01-02 20:00:00,37.0,12.85
2026-01-02 21:00:00,37.0,12.9
2026-01-02 22:00:00,37.3,12.88
2026-01-02 23:00:00,38.0,12.9
2026-01-03 00:00:00,38.0,12.9
2026-01-03 01:00:00,38.0,12.92
2026-01-03 02:00:00,38.0,13.0
2026-01-03 03:00:00,38.0,13.0
2026-01-03 04:00:00,38.0,13.0
2026-01-03 05:00:00,38.0,13.0
2026-01-03 06:00:00,38.0,13.0
2026-01-03 07:00:00,38.0,12.93
2026-01-03 08:00:00,37.8,12.9
2026-01-03 09:00:00,37.8,12.73
2026-01-03 10:00:00,38.0,12.87
2026-01-03 11:00:00,37.8,12.92
2026-01-03 12:00:00,37.0,13.02
2026-01-03 13:00:00,37.0,13.1
2026-01-03 14:00:00,37.0,13.18
2026-01-03 15:00:00,37.0,13.25
2026-01-03 16:00:00,37.0,13.3
2026-01-03 17:00:00,37.0,13.22
2026-01-03 18:00:00,37.0,13.2
2026-01-03 19:00:00,37.0,13.2
2026-01-03 20:00:00,37.0,13.2
2026-01-03 21:00:00,37.0,13.1
2026-01-03 22:00:00,37.0,13.15
2026-01-03 23:00:00,37.0,13.1
2026-01-04 00:00:00,37.0,13.1
2026-01-04 01:00:00,36.2,13.1
2026-01-04 02:00:00,36.0,13.1
2026-01-04 03:00:00,36.0,13.02
2026-01-04 04:00:00,36.0,13.0
2026-01-04 05:00:00,36.0,12.93
2026-01-04 06:00:00,36.0,12.9
2026-01-04 07:00:00,36.0,12.82
2026-01-04 08:00:00,33.8,13.52
2026-01-04 09:00:00,33.0,14.35
2026-01-04 10:00:00,32.3,15.08
2026-01-04 11:00:00,33.0,14.67
2026-01-04 12:00:00,33.0,14.13
2026-01-04 13:00:00,33.8,13.82
2026-01-04 14:00:00,34.0,13.65
2026-01-04 15:00:00,34.0,13.6
2026-01-04 16:00:00,34.0,13.57
2026-01-04 17:00:00,34.0,13.58
2026-01-04 18:00:00,34.0,13.58
2026-01-04 19:00:00,34.0,13.5
2026-01-04 20:00:00,34.0,13.43
2026-01-04 21:00:00,34.0,13.4
2026-01-04 22:00:00,34.0,13.3
2026-01-04 23:00:00,34.0,13.28
2026-01-05 00:00:00,34.0,13.2
2026-01-05 01:00:00,34.0,13.2
2026-01-05 02:00:00,34.0,13.12
2026-01-05 03:00:00,34.0,13.1
2026-01-05 04:00:00,34.0,13.03
2026-01-05 05:00:00,34.0,13.0
2026-01-05 06:00:00,34.0,12.97
2026-01-05 07:00:00,34.0,12.9
2026-01-05 08:00:00,34.0,12.9
2026-01-05 09:00:00,32.0,13.98
2026-01-05 10:00:00,28.0,15.7
2026-01-05 11:00:00,27.2,16.12
2026-01-05 12:00:00,25.8,16.6
2026-01-05 13:00:00,25.0,17.05
2026-01-05 14:00:00,25.7,16.93
2026-01-05 15:00:00,26.5,16.05
2026-01-05 16:00:00,27.0,15.57
2026-01-05 17:00:00,26.5,15.15
2026-01-05 18:00:00,26.0,14.86
2026-01-05 19:00:00,26.0,14.4
2026-01-05 20:00:00,26.0,14.3
2026-01-05 21:00:00,25.0,13.9
2026-01-05 22:00:00,25.0,13.8
2026-01-05 23:00:00,25.0,13.57
2026-01-06 00:00:00,25.0,13.35
2026-01-06 01:00:00,25.0,13.15
2026-01-06 02:00:00,25.0,12.95
2026-01-06 03:00:00,24.8,12.75
2026-01-06 04:00:00,24.0,12.57
2026-01-06 05:00:00,24.0,12.4
2026-01-06 06:00:00,24.0,12.38
2026-01-06 07:00:00,23.3,13.35
2026-01-06 08:00:00,23.0,14.1
2026-01-06 09:00:00,23.0,14.63
2026-01-06 10:00:00,23.0,15.1
2026-01-06 11:00:00,23.3,15.52
2026-01-06 12:00:00,24.0,15.88
2026-01-06 13:00:00,24.0,16.22
2026-01-06 14:00:00,24.2,16.3
2026-01-06 15:00:00,25.0,15.3
2026-01-06 16:00:00,26.0,14.45
2026-01-06 17:00:00,27.0,13.93
2026-01-06 18:00:00,27.7,13.63
2026-01-06 19:00:00,28.5,13.53
2026-01-06 20:00:00,29.0,13.5
2026-01-06 21:00:00,29.0,13.5
2026-01-06 22:00:00,29.8,13.42
2026-01-06 23:00:00,30.0,13.28
2026-01-07 00:00:00,30.0,13.17
2026-01-07 01:00:00,30.0,13.05
2026-01-07 02:00:00,30.7,12.95
2026-01-07 03:00:00,31.0,12.85
2026-01-07 04:00:00,31.0,12.77
2026-01-07 05:00:00,31.0,12.67
2026-01-07 06:00:00,31.0,12.57
2026-01-07 07:00:00,31.0,12.5
2026-01-07 08:00:00,31.5,12.4
2026-01-07 09:00:00,32.0,12.38
2026-01-07 10:00:00,32.0,12.3
2026-01-07 11:00:00,32.0,12.3
2026-01-07 12:00:00,32.8,12.42
2026-01-07 13:00:00,33.0,12.5
2026-01-07 14:00:00,33.0,12.5
2026-01-07 15:00:00,32.0,12.5
2026-01-07 16:00:00,32.0,12.5
2026-01-07 17:00:00,32.0,12.5
2026-01-07 18:00:00,32.0,12.47
2026-01-07 19:00:00,32.7,12.4
2026-01-07 20:00:00,33.0,12.33
2026-01-07 21:00:00,33.0,12.28
2026-01-07 22:00:00,33.0,12.2
2026-01-07 23:00:00,33.0,12.2
2026-01-08 00:00:00,33.0,12.2
2026-01-08 01:00:00,33.0,12.2
2026-01-08 02:00:00,33.0,12.12
2026-01-08 03:00:00,33.8,12.1
2026-01-08 04:00:00,34.0,12.1
2026-01-08 05:00:00,34.0,12.1
2026-01-08 06:00:00,34.0,12.1
2026-01-08 07:00:00,34.0,12.1
2026-01-08 08:00:00,34.2,12.47
2026-01-08 09:00:00,34.0,13.4
2026-01-08 10:00:00,34.0,15.0
2026-01-08 11:00:00,34.0,15.45
2026-01-08 12:00:00,34.0,16.05
2026-01-08 13:00:00,34.0,16.15
2026-01-08 14:00:00,34.0,16.0
2026-01-08 15:00:00,34.8,15.43
2026-01-08 16:00:00,35.0,15.0
2026-01-08 17:00:00,35.8,14.6
2026-01-08 18:00:00,36.0,14.37
2026-01-08 19:00:00,36.0,14.23
2026-01-08 20:00:00,37.0,14.12
2026-01-08 21:00:00,37.0,14.02
2026-01-08 22:00:00,37.0,13.98
2026-01-08 23:00:00,37.0,13.9
2026-01-09 00:00:00,37.0,13.83
2026-01-09 01:00:00,38.0,13.8
2026-01-09 02:00:00,38.0,13.72
2026-01-09 03:00:00,38.0,13.7
2026-01-09 04:00:00,38.7,13.7
2026-01-09 05:00:00,39.3,13.6
2026-01-09 06:00:00,40.0,13.57
2026-01-09 07:00:00,39.7,13.82
2026-01-09 08:00:00,39.0,15.08
2026-01-09 09:00:00,39.0,16.13
2026-01-09 10:00:00,39.0,16.78
2026-01-09 11:00:00,38.2,17.33
2026-01-09 12:00:00,37.8,17.78
2026-01-09 13:00:00,37.0,17.77
2026-01-09 14:00:00,38.0,17.0
2026-01-09 15:00:00,38.0,16.63
2026-01-09 16:00:00,37.8,16.17
2026-01-09 17:00:00,38.0,15.75
2026-01-09 18:00:00,38.0,15.57
2026-01-09 19:00:00,38.7,15.4
2026-01-09 20:00:00,38.5,15.28
2026-01-09 21:00:00,38.5,15.12
2026-01-09 22:00:00,38.5,15.02
2026-01-09 23:00:00,39.0,15.03
2026-01-10 00:00:00,39.0,14.98
2026-01-10 01:00:00,39.0,14.9
2026-01-10 02:00:00,39.0,14.9
2026-01-10 03:00:00,39.0,14.82
2026-01-10 04:00:00,39.0,14.75
2026-01-10 05:00:00,39.0,14.7
2026-01-10 06:00:00,39.0,14.7
2026-01-10 07:00:00,39.0,14.65
2026-01-10 08:00:00,39.0,14.58
2026-01-10 09:00:00,39.0,14.53
2026-01-10 10:00:00,39.2,14.43
2026-01-10 11:00:00,39.8,14.15
2026-01-10 12:00:00,40.0,14.13
2026-01-10 13:00:00,40.0,14.05
2026-01-10 14:00:00,40.0,14.07
2026-01-10 15:00:00,40.0,14.22
2026-01-10 16:00:00,39.0,14.3
2026-01-10 17:00:00,39.0,14.3
2026-01-10 18:00:00,39.0,14.3
2026-01-10 19:00:00,39.0,14.3
2026-01-10 20:00:00,39.0,14.3
2026-01-10 21:00:00,39.0,14.23
2026-01-10 22:00:00,39.0,14.2
2026-01-10 23:00:00,39.0,14.2
2026-01-11 00:00:00,39.0,14.15
2026-01-11 01:00:00,39.0,14.1
2026-01-11 02:00:00,39.0,14.1
2026-01-11 03:00:00,39.0,14.1
2026-01-11 04:00:00,39.0,14.1
2026-01-11 05:00:00,39.0,14.0
2026-01-11 06:00:00,39.0,14.0
2026-01-11 07:00:00,39.0,14.0
2026-01-11 08:00:00,39.0,14.0
2026-01-11 09:00:00,39.0,14.0
2026-01-11 10:00:00,39.0,14.0
2026-01-11 11:00:00,39.0,14.0
2026-01-11 12:00:00,39.0,14.0
2026-01-11 13:00:00,39.0,14.08
2026-01-11 14:00:00,39.0,14.1
2026-01-11 15:00:00,39.0,14.1
2026-01-11 16:00:00,39.0,14.1
2026-01-11 17:00:00,39.0,14.1
2026-01-11 18:00:00,39.0,14.05
2026-01-11 19:00:00,39.0,14.0
2026-01-11 20:00:00,39.0,14.0
2026-01-11 21:00:00,39.0,13.92
2026-01-11 22:00:00,39.0,13.9
2026-01-11 23:00:00,39.0,13.87
2026-01-12 00:00:00,39.0,13.8
2026-01-12 01:00:00,39.0,13.75
2026-01-12 02:00:00,39.0,13.7
2026-01-12 03:00:00,39.0,13.7
2026-01-12 04:00:00,38.3,13.7
2026-01-12 05:00:00,38.0,13.7
2026-01-12 06:00:00,38.0,13.67
2026-01-12 07:00:00,38.7,13.6
2026-01-12 08:00:00,39.0,13.66
2026-01-12 09:00:00,39.0,13.8
2026-01-12 10:00:00,37.3,14.72
2026-01-12 11:00:00,36.2,15.72
2026-01-12 12:00:00,36.0,16.7
2026-01-12 13:00:00,36.0,17.03
2026-01-12 14:00:00,36.0,17.32
2026-01-12 15:00:00,37.0,16.62
2026-01-12 16:00:00,37.7,16.2
2026-01-12 17:00:00,38.0,15.87
2026-01-12 18:00:00,38.0,15.68
2026-01-12 19:00:00,38.5,15.55
2026-01-12 20:00:00,39.0,15.43
2026-01-12 21:00:00,39.0,15.33
2026-01-12 22:00:00,39.0,15.23
2026-01-12 23:00:00,39.0,15.15
2026-01-13 00:00:00,39.3,15.1
2026-01-13 01:00:00,40.0,15.02
2026-01-13 02:00:00,40.0,15.0
2026-01-13 03:00:00,40.0,14.92
2026-01-13 04:00:00,40.0,14.9
2026-01-13 05:00:00,40.0,14.88
2026-01-13 06:00:00,40.0,14.8
2026-01-13 07:00:00,40.0,14.8
2026-01-13 08:00:00,40.3,14.8
2026-01-13 09:00:00,41.0,14.8
2026-01-13 10:00:00,41.0,14.83
2026-01-13 11:00:00,41.2,14.93
2026-01-13 12:00:00,42.0,15.0
2026-01-13 13:00:00,42.0,15.0
2026-01-13 14:00:00,42.0,15.1
2026-01-13 15:00:00,42.0,15.1
2026-01-13 16:00:00,42.0,15.25
2026-01-13 17:00:00,42.0,15.35
2026-01-13 18:00:00,42.0,15.32
2026-01-13 19:00:00,42.0,15.3
2026-01-13 20:00:00,42.0,15.27
2026-01-13 21:00:00,42.0,15.2
2026-01-13 22:00:00,42.0,15.2
2026-01-13 23:00:00,42.0,15.12
2026-01-14 00:00:00,42.0,15.1
2026-01-14 01:00:00,42.0,15.07
2026-01-14 02:00:00,42.0,15.0
2026-01-14 03:00:00,41.3,15.0
2026-01-14 04:00:00,41.0,15.0
2026-01-14 05:00:00,41.0,14.93
2026-01-14 06:00:00,41.0,14.9
2026-01-14 07:00:00,41.0,14.9
2026-01-14 08:00:00,41.0,14.9
2026-01-14 09:00:00,41.0,14.9
2026-01-14 10:00:00,41.0,15.0
2026-01-14 11:00:00,41.0,15.12
2026-01-14 12:00:00,42.0,15.25
2026-01-14 13:00:00,42.0,15.37
2026-01-14 14:00:00,42.0,15.43
2026-01-14 15:00:00,42.0,15.5
2026-01-14 16:00:00,42.0,15.5
2026-01-14 17:00:00,42.0,15.52
2026-01-14 18:00:00,42.0,15.5
2026-01-14 19:00:00,42.0,15.5
2026-01-14 20:00:00,42.0,15.5
2026-01-14 21:00:00,42.0,15.5
2026-01-14 22:00:00,42.0,15.5
2026-01-14 23:00:00,42.0,15.5
2026-01-15 00:00:00,42.0,15.48
2026-01-15 01:00:00,42.0,15.42
2026-01-15 02:00:00,42.0,15.4
2026-01-15 03:00:00,42.0,15.42
2026-01-15 04:00:00,42.0,15.43
2026-01-15 05:00:00,42.0,15.47
2026-01-15 06:00:00,41.0,15.48
2026-01-15 07:00:00,41.0,15.5
2026-01-15 08:00:00,41.0,15.5
2026-01-15 09:00:00,41.0,15.53
2026-01-15 10:00:00,42.0,15.62
2026-01-15 11:00:00,42.0,15.73
2026-01-15 12:00:00,42.0,15.83
2026-01-15 13:00:00,42.5,15.9
2026-01-15 14:00:00,43.0,16.05
2026-01-15 15:00:00,42.0,16.27
2026-01-15 16:00:00,42.0,16.45
2026-01-15 17:00:00,42.0,16.6
2026-01-15 18:00:00,42.0,16.6
2026-01-15 19:00:00,42.0,16.52
2026-01-15 20:00:00,42.0,16.5
2026-01-15 22:00:00,42.0,16.4
2026-01-15 23:00:00,42.0,16.33
2026-01-16 00:00:00,42.0,16.3
2026-01-16 01:00:00,42.0,16.23
2026-01-16 02:00:00,41.7,16.2
2026-01-16 03:00:00,41.0,16.17
2026-01-16 04:00:00,41.0,16.1
2026-01-16 05:00:00,41.0,16.1
2026-01-16 06:00:00,41.0,16.05
2026-01-16 07:00:00,41.0,16.0
2026-01-16 08:00:00,41.0,16.0
2026-01-16 09:00:00,40.7,16.0
2026-01-16 10:00:00,40.0,16.0
2026-01-16 11:00:00,40.0,16.0
2026-01-16 12:00:00,40.0,16.0
2026-01-16 13:00:00,40.7,15.95
2026-01-16 14:00:00,41.0,16.0
2026-01-16 15:00:00,41.0,16.0
2026-01-16 16:00:00,41.0,16.0
2026-01-16 17:00:00,41.0,16.0
2026-01-16 18:00:00,41.0,16.0
2026-01-16 19:00:00,41.0,15.95
2026-01-16 20:00:00,41.0,15.9
2026-01-16 21:00:00,41.0,15.9
2026-01-16 22:00:00,40.3,15.82
2026-01-16 23:00:00,40.0,15.8
2026-01-17 00:00:00,40.0,15.73
2026-01-17 01:00:00,40.0,15.7
2026-01-17 02:00:00,40.0,15.7
2026-01-17 03:00:00,40.0,15.6
2026-01-17 04:00:00,40.0,15.6
2026-01-17 05:00:00,40.0,15.57
2026-01-17 06:00:00,40.0,15.5
2026-01-17 07:00:00,40.0,15.5
2026-01-17 08:00:00,40.0,15.4
2026-01-17 09:00:00,40.0,15.4
2026-01-17 10:00:00,40.0,15.4
2026-01-17 11:00:00,40.0,15.4
2026-01-17 12:00:00,40.0,15.4
2026-01-17 13:00:00,40.0,15.4
2026-01-17 14:00:00,40.8,15.48
2026-01-17 15:00:00,41.0,15.5
2026-01-17 16:00:00,41.0,15.5
2026-01-17 17:00:00,41.0,15.47
2026-01-17 18:00:00,41.0,15.4
2026-01-17 19:00:00,41.0,15.4
2026-01-17 20:00:00,41.0,15.4
2026-01-17 21:00:00,41.0,15.32
2026-01-17 22:00:00,41.0,15.3
2026-01-17 23:00:00,41.0,15.25
2026-01-18 00:00:00,41.0,15.2
2026-01-18 01:00:00,41.0,15.2
2026-01-18 02:00:00,40.7,15.12
2026-01-18 03:00:00,40.0,15.1
2026-01-18 04:00:00,40.0,15.03
2026-01-18 05:00:00,40.0,15.0
2026-01-18 06:00:00,40.0,15.0
2026-01-18 07:00:00,39.0,15.3
2026-01-18 08:00:00,37.7,16.02
2026-01-18 09:00:00,36.5,16.83
2026-01-18 10:00:00,36.7,16.98
2026-01-18 11:00:00,37.3,16.47
2026-01-18 12:00:00,38.0,16.25
2026-01-18 13:00:00,38.0,16.12
2026-01-18 14:00:00,39.0,16.0
2026-01-18 15:00:00,39.5,15.9
2026-01-18 16:00:00,40.0,15.83
2026-01-18 17:00:00,40.0,15.73
2026-01-18 18:00:00,40.0,15.65
2026-01-18 19:00:00,40.0,15.57
2026-01-18 20:00:00,39.3,15.47
2026-01-18 21:00:00,39.0,15.4
2026-01-18 22:00:00,39.0,15.32
2026-01-18 23:00:00,39.0,15.25
2026-01-19 00:00:00,39.0,15.2
2026-01-19 01:00:00,39.0,15.13
2026-01-19 02:00:00,39.0,15.1
2026-01-19 03:00:00,39.0,15.02
2026-01-19 04:00:00,39.0,15.0
2026-01-19 05:00:00,39.0,14.92
2026-01-19 06:00:00,39.0,14.9
2026-01-19 07:00:00,39.0,14.82
2026-01-19 08:00:00,39.0,14.8
2026-01-19 09:00:00,39.0,14.78
2026-01-19 10:00:00,39.0,14.7
2026-01-19 11:00:00,39.0,14.7
2026-01-19 12:00:00,39.0,14.7
2026-01-19 13:00:00,39.4,14.7
2026-01-19 14:00:00,40.0,14.7
2026-01-19 15:00:00,40.0,14.7
2026-01-19 16:00:00,40.0,14.7
2026-01-19 17:00:00,40.0,14.7
2026-01-19 18:00:00,40.0,14.63
2026-01-19 19:00:00,40.0,14.6
2026-01-19 20:00:00,40.0,14.6
2026-01-19 21:00:00,40.0,14.6
2026-01-19 22:00:00,40.0,14.57
2026-01-19 23:00:00,40.0,14.5
2026-01-20 00:00:00,40.0,14.5
2026-01-20 01:00:00,40.0,14.4
2026-01-20 02:00:00,40.0,14.4
2026-01-20 03:00:00,40.0,14.4
2026-01-20 04:00:00,39.0,14.3
2026-01-20 05:00:00,39.0,14.3
2026-01-20 06:00:00,39.0,14.3
2026-01-20 07:00:00,39.0,14.2
2026-01-20 08:00:00,39.0,14.2
2026-01-20 09:00:00,39.0,14.2
2026-01-20 10:00:00,39.0,14.2
2026-01-20 11:00:00,39.0,14.2
2026-01-20 12:00:00,39.0,14.2
2026-01-20 13:00:00,39.7,14.2
2026-01-20 14:00:00,40.0,14.27
2026-01-20 15:00:00,40.0,14.3
2026-01-20 16:00:00,40.0,14.3
2026-01-20 17:00:00,40.0,14.22
2026-01-20 18:00:00,39.2,14.2
2026-01-20 19:00:00,39.0,14.18
2026-01-20 20:00:00,39.0,14.1
2026-01-20 21:00:00,39.0,14.08
2026-01-20 22:00:00,39.0,14.0
2026-01-20 23:00:00,39.0,14.0
2026-01-21 00:00:00,39.0,13.9
2026-01-21 01:00:00,39.0,13.9
2026-01-21 02:00:00,38.5,13.82
2026-01-21 03:00:00,38.0,13.8
2026-01-21 04:00:00,38.0,13.77
2026-01-21 05:00:00,38.0,13.7
2026-01-21 06:00:00,38.0,13.7
2026-01-21 07:00:00,38.0,13.66
2026-01-21 08:00:00,38.0,13.6
2026-01-21 09:00:00,38.0,13.6
2026-01-21 10:00:00,38.0,13.6
2026-01-21 11:00:00,38.0,13.6
2026-01-21 12:00:00,38.0,13.65
2026-01-21 13:00:00,38.7,13.73
2026-01-21 14:00:00,39.0,13.8
2026-01-21 15:00:00,39.0,13.9
2026-01-21 16:00:00,39.0,13.9
2026-01-21 17:00:00,39.0,13.82
2026-01-21 18:00:00,39.0,13.8
2026-01-21 19:00:00,39.0,13.77
2026-01-21 20:00:00,39.0,13.7
2026-01-21 21:00:00,39.0,13.68
2026-01-21 22:00:00,39.0,13.6
2026-01-21 23:00:00,39.0,13.6
2026-01-22 00:00:00,39.0,13.55
2026-01-22 01:00:00,39.0,13.5
2026-01-22 02:00:00,38.7,13.5
2026-01-22 03:00:00,38.0,13.4
2026-01-22 04:00:00,38.0,13.4
2026-01-22 05:00:00,38.0,13.4
2026-01-22 06:00:00,37.7,13.62
2026-01-22 07:00:00,35.5,14.63
2026-01-22 08:00:00,34.2,15.05
2026-01-22 09:00:00,32.5,15.93
2026-01-22 10:00:00,31.5,16.48
2026-01-22 11:00:00,31.0,16.77
2026-01-22 12:00:00,32.7,16.27
2026-01-22 13:00:00,34.0,15.73
2026-01-22 14:00:00,35.0,15.37
2026-01-22 15:00:00,35.5,15.17
2026-01-22 16:00:00,36.0,15.07
2026-01-22 17:00:00,36.0,14.93
2026-01-22 18:00:00,36.2,14.83
2026-01-22 19:00:00,37.0,14.73
2026-01-22 20:00:00,37.0,14.6
2026-01-22 21:00:00,37.0,14.5
2026-01-22 22:00:00,37.0,14.42
2026-01-22 23:00:00,37.0,14.32
2026-01-23 00:00:00,37.0,14.25
2026-01-23 01:00:00,37.0,14.18
2026-01-23 02:00:00,37.0,14.1
2026-01-23 03:00:00,37.0,14.07
2026-01-23 04:00:00,37.0,14.0
2026-01-23 05:00:00,37.0,13.93
2026-01-23 06:00:00,37.0,13.9
2026-01-23 07:00:00,37.5,13.83
2026-01-23 08:00:00,37.8,13.83
2026-01-23 09:00:00,35.8,14.95
2026-01-23 10:00:00,34.3,16.03
2026-01-23 11:00:00,33.5,16.75
2026-01-23 12:00:00,33.5,16.92
2026-01-23 13:00:00,34.0,16.17
2026-01-23 14:00:00,34.8,15.8
2026-01-23 15:00:00,35.0,15.53
2026-01-23 16:00:00,35.5,15.28
2026-01-23 17:00:00,36.0,15.13
2026-01-23 18:00:00,36.0,15.0
2026-01-23 19:00:00,36.0,14.88
2026-01-23 20:00:00,37.0,14.8
2026-01-23 21:00:00,37.0,14.7
2026-01-23 22:00:00,37.0,14.6
2026-01-23 23:00:00,37.0,14.52
2026-01-24 00:00:00,37.0,14.47
2026-01-24 01:00:00,37.0,14.4
2026-01-24 02:00:00,37.0,14.38
2026-01-24 03:00:00,38.0,14.3
2026-01-24 04:00:00,38.0,14.3
2026-01-24 05:00:00,38.0,14.25
2026-01-24 06:00:00,38.0,14.2
2026-01-24 07:00:00,38.0,14.2
2026-01-24 08:00:00,38.0,14.2
2026-01-24 09:00:00,38.0,14.1
2026-01-24 10:00:00,38.7,14.1
2026-01-24 11:00:00,39.0,14.18
2026-01-24 12:00:00,39.0,14.2
2026-01-24 13:00:00,39.2,14.22
2026-01-24 15:00:00,43.0,14.6
2026-01-24 16:00:00,45.8,14.78
2026-01-24 17:00:00,45.2,14.85
2026-01-24 18:00:00,43.3,14.68
2026-01-24 19:00:00,41.7,14.68
2026-01-24 20:00:00,40.8,14.6
2026-01-24 21:00:00,40.0,14.58
2026-01-24 22:00:00,40.0,14.5
2026-01-24 23:00:00,40.0,14.5
2026-01-25 00:00:00,40.0,14.42
2026-01-25 01:00:00,40.0,14.4
2026-01-25 02:00:00,40.0,14.4
2026-01-25 03:00:00,40.0,14.3
2026-01-25 04:00:00,39.3,14.3
2026-01-25 05:00:00,39.0,14.3
2026-01-25 06:00:00,39.0,14.28
2026-01-25 07:00:00,39.0,14.33
2026-01-25 08:00:00,38.2,15.12
2026-01-25 09:00:00,38.0,15.7
2026-01-25 10:00:00,38.0,16.3
2026-01-25 11:00:00,38.0,16.25
2026-01-25 12:00:00,39.0,15.82
2026-01-25 13:00:00,39.0,15.7
2026-01-25 14:00:00,40.0,15.6
2026-01-25 15:00:00,40.0,15.6
2026-01-25 16:00:00,40.0,15.5
2026-01-25 17:00:00,40.0,15.43
2026-01-25 18:00:00,40.0,15.4
2026-01-25 19:00:00,40.0,15.4
2026-01-25 20:00:00,40.0,15.3
2026-01-25 21:00:00,40.0,15.3
2026-01-25 22:00:00,40.0,15.25
2026-01-25 23:00:00,40.0,15.2
2026-01-26 00:00:00,40.0,15.2
2026-01-26 01:00:00,40.0,15.17
2026-01-26 02:00:00,40.0,15.1
2026-01-26 03:00:00,41.0,15.1
2026-01-26 04:00:00,41.0,15.1
2026-01-26 05:00:00,41.0,15.1
2026-01-26 06:00:00,41.0,15.1
2026-01-26 07:00:00,41.0,15.03
2026-01-26 08:00:00,41.0,15.0
2026-01-26 09:00:00,41.5,14.98
2026-01-26 10:00:00,42.0,14.97
2026-01-26 11:00:00,42.0,15.0
2026-01-26 12:00:00,42.0,15.0
2026-01-26 13:00:00,42.0,15.0
2026-01-26 14:00:00,42.3,15.07
2026-01-26 15:00:00,43.0,15.1
2026-01-26 16:00:00,43.0,15.2
2026-01-26 17:00:00,42.0,15.2
2026-01-26 18:00:00,42.0,15.2
2026-01-26 19:00:00,42.0,15.2
2026-01-26 20:00:00,42.0,15.2
2026-01-26 21:00:00,42.0,15.2
2026-01-26 22:00:00,42.0,15.2
2026-01-26 23:00:00,41.7,15.2
2026-01-27 00:00:00,41.0,15.1
2026-01-27 01:00:00,41.0,15.1
2026-01-27 02:00:00,41.0,15.1
2026-01-27 03:00:00,41.0,15.07
2026-01-27 04:00:00,41.0,15.0
2026-01-27 05:00:00,40.2,15.0
2026-01-27 06:00:00,40.0,14.9
2026-01-27 07:00:00,40.0,14.9
2026-01-27 08:00:00,40.0,14.9
2026-01-27 09:00:00,40.0,14.9
2026-01-27 10:00:00,40.0,14.9
2026-01-27 11:00:00,40.0,14.93
2026-01-27 12:00:00,40.3,15.02
2026-01-27 13:00:00,41.0,15.1
2026-01-27 14:00:00,41.0,15.1
2026-01-27 15:00:00,41.0,15.1
2026-01-27 16:00:00,40.0,15.1
2026-01-27 17:00:00,40.3,15.1
2026-01-27 18:00:00,40.8,15.1
2026-01-27 19:00:00,41.0,15.1
2026-01-27 20:00:00,41.0,15.1
2026-01-27 21:00:00,41.0,15.1
2026-01-27 22:00:00,41.0,15.1
2026-01-27 23:00:00,41.0,15.1
2026-01-28 00:00:00,41.0,15.1
2026-01-28 01:00:00,41.0,15.02
2026-01-28 02:00:00,41.0,15.0
2026-01-28 03:00:00,41.0,15.0
2026-01-28 04:00:00,41.0,15.0
2026-01-28 05:00:00,41.0,15.0
2026-01-28 06:00:00,41.0,15.0
2026-01-28 07:00:00,41.0,15.0
2026-01-28 08:00:00,42.3,14.83
2026-01-28 09:00:00,41.2,15.48
2026-01-28 10:00:00,39.7,16.68
2026-01-28 11:00:00,39.0,17.13
2026-01-28 12:00:00,39.8,16.68
2026-01-28 13:00:00,40.0,16.6
2026-01-28 14:00:00,40.8,16.38
2026-01-28 15:00:00,41.0,16.23
2026-01-28 16:00:00,41.0,16.13
2026-01-28 17:00:00,41.0,16.1
2026-01-28 18:00:00,41.0,16.07
2026-01-28 19:00:00,41.2,16.0
2026-01-28 20:00:00,41.3,16.0
2026-01-28 21:00:00,41.0,16.0
2026-01-28 22:00:00,41.0,16.0
2026-01-28 23:00:00,41.0,16.0
2026-01-29 00:00:00,41.0,16.0
2026-01-29 01:00:00,41.0,16.0
2026-01-29 02:00:00,41.0,16.0
2026-01-29 03:00:00,41.0,16.0
2026-01-29 04:00:00,41.0,16.0
2026-01-29 05:00:00,41.0,16.0
2026-01-29 06:00:00,41.0,16.0
2026-01-29 07:00:00,41.3,15.42
2026-01-29 08:00:00,42.8,14.8
2026-01-29 09:00:00,43.3,14.58
2026-01-29 10:00:00,44.0,14.5
2026-01-29 11:00:00,44.0,14.48
2026-01-29 12:00:00,44.5,14.37
2026-01-29 13:00:00,44.3,14.82
2026-01-29 14:00:00,43.8,15.33
2026-01-29 15:00:00,43.0,15.57
2026-01-29 16:00:00,43.0,15.75
2026-01-29 17:00:00,43.0,15.88
2026-01-29 18:00:00,43.0,15.98
2026-01-29 19:00:00,42.8,16.07
2026-01-29 20:00:00,42.0,16.12
2026-01-29 21:00:00,42.0,16.2
2026-01-29 22:00:00,42.0,16.2
2026-01-29 23:00:00,42.0,16.2
2026-01-30 00:00:00,42.0,16.2
2026-01-30 01:00:00,42.0,16.1
2026-01-30 02:00:00,41.3,16.1
2026-01-30 03:00:00,41.0,16.12
2026-01-30 04:00:00,41.0,16.13
2026-01-30 05:00:00,41.0,16.13
2026-01-30 06:00:00,41.0,16.2
2026-01-30 07:00:00,40.5,15.65
2026-01-30 08:00:00,40.8,15.18
2026-01-30 09:00:00,41.3,14.85
2026-01-30 10:00:00,41.8,14.62
2026-01-30 11:00:00,42.0,14.42
2026-01-30 12:00:00,42.3,14.25
2026-01-30 13:00:00,42.7,14.6
2026-01-30 14:00:00,42.0,15.15
2026-01-30 15:00:00,41.2,15.52
2026-01-30 16:00:00,41.0,15.77
2026-01-30 17:00:00,41.0,15.97
2026-01-30 18:00:00,41.0,16.0
2026-01-30 19:00:00,41.0,16.08
2026-01-30 20:00:00,41.0,16.1
2026-01-30 21:00:00,41.0,16.1
2026-01-30 22:00:00,41.0,16.1
2026-01-30 23:00:00,41.0,16.1
2026-01-31 00:00:00,41.0,16.1
2026-01-31 01:00:00,40.2,16.1
2026-01-31 02:00:00,40.0,16.07
2026-01-31 03:00:00,40.0,16.05
2026-01-31 04:00:00,40.0,16.0
2026-01-31 05:00:00,40.0,16.0
2026-01-31 06:00:00,40.0,16.0
2026-01-31 07:00:00,40.2,15.32
2026-01-31 08:00:00,41.5,14.65
2026-01-31 09:00:00,42.0,14.45
2026-01-31 10:00:00,42.8,14.33
2026-01-31 11:00:00,43.0,14.28
2026-01-31 12:00:00,43.0,14.15
2026-01-31 13:00:00,43.3,14.6
2026-01-31 14:00:00,42.5,15.05
2026-01-31 15:00:00,42.0,15.32
2026-01-31 16:00:00,42.0,15.47
2026-01-31 17:00:00,42.0,15.53
2026-01-31 18:00:00,41.3,15.62
2026-01-31 19:00:00,41.0,15.7
2026-01-31 20:00:00,41.0,15.72
2026-01-31 21:00:00,41.0,15.8
2026-01-31 22:00:00,41.0,15.8
2026-01-31 23:00:00,40.7,15.8
2026-02-01 00:00:00,40.0,15.85
2026-02-01 01:00:00,40.0,15.88
2026-02-01 02:00:00,40.0,15.9
2026-02-01 03:00:00,40.0,15.9
2026-02-01 04:00:00,40.0,15.9
2026-02-01 05:00:00,40.0,15.9
2026-02-01 06:00:00,40.0,15.9
2026-02-01 07:00:00,39.5,15.67
2026-02-01 08:00:00,36.8,17.12
2026-02-01 09:00:00,37.0,17.65
2026-02-01 10:00:00,36.3,18.2
2026-02-01 11:00:00,37.2,17.53
2026-02-01 12:00:00,38.3,16.82
2026-02-01 13:00:00,39.0,16.85
2026-02-01 14:00:00,39.8,16.9
2026-02-01 15:00:00,40.0,16.9
2026-02-01 16:00:00,40.7,16.85
2026-02-01 17:00:00,40.7,16.88
2026-02-01 18:00:00,40.0,16.88
2026-02-01 19:00:00,40.0,16.83
2026-02-01 20:00:00,40.0,16.83
2026-02-01 21:00:00,40.0,16.8
2026-02-01 22:00:00,39.2,16.75
2026-02-01 23:00:00,39.0,16.7
2026-02-02 00:00:00,39.0,16.7
2026-02-02 01:00:00,39.0,16.7
2026-02-02 02:00:00,39.0,16.7
2026-02-02 03:00:00,39.0,16.62
2026-02-02 04:00:00,39.0,16.6
2026-02-02 05:00:00,39.0,16.6
2026-02-02 06:00:00,38.5,16.6
2026-02-02 07:00:00,38.3,15.83
2026-02-02 08:00:00,39.8,15.1
2026-02-02 09:00:00,40.0,14.9
2026-02-02 10:00:00,40.5,14.88
2026-02-02 11:00:00,41.0,14.97
2026-02-02 12:00:00,41.0,15.1
2026-02-02 13:00:00,41.0,15.7
2026-02-02 14:00:00,40.4,16.1
2026-02-02 15:00:00,40.0,16.4
2026-02-02 16:00:00,40.0,16.5
2026-02-02 17:00:00,40.0,16.63
2026-02-02 18:00:00,40.0,16.72
2026-02-02 19:00:00,40.0,16.8
2026-02-02 20:00:00,40.0,16.8
2026-02-02 21:00:00,39.7,16.8
2026-02-02 22:00:00,39.5,16.8
2026-02-02 23:00:00,39.0,16.82
2026-02-03 00:00:00,39.0,16.9
2026-02-03 01:00:00,39.0,16.9
2026-02-03 02:00:00,39.0,16.9
2026-02-03 03:00:00,39.0,16.9
2026-02-03 04:00:00,39.0,16.9
2026-02-03 05:00:00,39.0,16.9
2026-02-03 06:00:00,39.0,16.9
2026-02-03 07:00:00,38.8,16.03
2026-02-03 08:00:00,40.0,15.33
2026-02-03 09:00:00,40.2,15.3
2026-02-03 10:00:00,41.0,15.35
2026-02-03 11:00:00,42.8,14.65
2026-02-03 12:00:00,44.8,14.47
2026-02-03 13:00:00,43.3,15.45
2026-02-03 14:00:00,42.0,16.13
2026-02-03 15:00:00,42.0,16.38
2026-02-03 16:00:00,42.0,16.62
2026-02-03 17:00:00,41.0,16.85
2026-02-03 18:00:00,41.0,16.97
2026-02-03 19:00:00,41.0,17.02
2026-02-03 20:00:00,41.0,17.07
2026-02-03 21:00:00,41.0,17.1
2026-02-03 22:00:00,40.5,17.1
2026-02-03 23:00:00,40.0,17.1
2026-02-04 00:00:00,40.0,17.02
2026-02-04 01:00:00,40.0,16.98
2026-02-04 02:00:00,40.0,16.9
2026-02-04 03:00:00,39.0,16.82
2026-02-04 04:00:00,39.0,16.8
2026-02-04 05:00:00,39.0,16.7
2026-02-04 06:00:00,39.0,16.7
2026-02-04 07:00:00,38.3,16.67
2026-02-04 08:00:00,38.0,16.63
2026-02-04 09:00:00,38.0,16.7
2026-02-04 10:00:00,38.0,16.72
2026-02-04 11:00:00,38.0,16.8
2026-02-04 12:00:00,38.0,16.85
2026-02-04 13:00:00,38.0,16.9
2026-02-04 14:00:00,38.0,16.9
2026-02-04 15:00:00,38.0,16.9
2026-02-04 16:00:00,38.0,16.9
2026-02-04 17:00:00,38.0,16.8
2026-02-04 18:00:00,38.0,16.87
2026-02-04 19:00:00,38.0,16.9
2026-02-04 20:00:00,38.0,16.9
2026-02-04 21:00:00,38.0,16.9
2026-02-04 22:00:00,38.0,16.8
2026-02-04 23:00:00,38.0,16.8
2026-02-05 00:00:00,37.0,16.8
2026-02-05 01:00:00,37.0,16.8
2026-02-05 02:00:00,37.0,16.72
2026-02-05 03:00:00,37.0,16.7
2026-02-05 04:00:00,37.0,16.7
2026-02-05 05:00:00,37.0,16.7
2026-02-05 06:00:00,37.0,16.7
2026-02-05 07:00:00,37.3,15.83
2026-02-05 08:00:00,38.8,15.0
2026-02-05 09:00:00,39.3,15.05
2026-02-05 10:00:00,39.8,14.8
2026-02-05 11:00:00,39.8,14.92
2026-02-05 12:00:00,40.0,14.9
2026-02-05 13:00:00,39.0,15.7
2026-02-05 14:00:00,39.0,15.93
2026-02-05 15:00:00,39.0,16.13
2026-02-05 16:00:00,39.0,16.3
2026-02-05 17:00:00,39.0,16.45
2026-02-05 18:00:00,38.4,16.5
2026-02-05 19:00:00,38.0,16.6
2026-02-05 20:00:00,38.0,16.6
2026-02-05 21:00:00,38.0,16.6
2026-02-05 22:00:00,38.0,16.7
2026-02-05 23:00:00,38.0,16.7
2026-02-06 00:00:00,38.0,16.7
2026-02-06 01:00:00,38.0,16.7
2026-02-06 02:00:00,38.0,16.7
2026-02-06 03:00:00,38.0,16.7
2026-02-06 04:00:00,38.0,16.7
2026-02-06 05:00:00,38.0,16.73
2026-02-06 06:00:00,38.0,16.8
2026-02-06 07:00:00,39.0,16.3
2026-02-06 08:00:00,41.2,15.73
2026-02-06 09:00:00,42.2,15.68
2026-02-06 10:00:00,42.2,15.88
2026-02-06 11:00:00,42.7,16.03
2026-02-06 12:00:00,44.2,15.8
2026-02-06 13:00:00,44.2,15.94
2026-02-06 14:00:00,44.0,16.4
2026-02-06 15:00:00,44.0,16.57
2026-02-06 16:00:00,43.5,17.03
2026-02-06 17:00:00,42.2,17.33
2026-02-06 18:00:00,42.0,17.43
2026-02-06 19:00:00,42.0,17.5
2026-02-06 20:00:00,42.0,17.5
2026-02-06 21:00:00,42.0,17.5
2026-02-06 22:00:00,42.0,17.5
2026-02-06 23:00:00,42.0,17.5
2026-02-07 00:00:00,42.0,17.5
2026-02-07 01:00:00,42.0,17.5
2026-02-07 02:00:00,42.0,17.5
2026-02-07 03:00:00,42.0,17.5
2026-02-07 04:00:00,42.0,17.5
2026-02-07 05:00:00,42.0,17.52
2026-02-07 06:00:00,42.0,17.58
2026-02-07 07:00:00,42.8,17.08
2026-02-07 08:00:00,44.0,16.62
2026-02-07 09:00:00,44.0,16.6
2026-02-07 10:00:00,44.0,16.73
2026-02-07 11:00:00,44.0,16.85
2026-02-07 12:00:00,44.0,16.98
2026-02-07 13:00:00,44.0,17.4
2026-02-07 14:00:00,43.7,17.73
2026-02-07 15:00:00,43.0,17.9
2026-02-07 16:00:00,43.0,18.0
2026-02-07 17:00:00,43.0,18.1
2026-02-07 18:00:00,43.0,18.18
2026-02-07 19:00:00,42.7,18.2
2026-02-07 20:00:00,42.0,18.2
2026-02-07 21:00:00,42.0,18.2
2026-02-07 22:00:00,42.0,18.2
2026-02-07 23:00:00,42.0,18.17
2026-02-08 00:00:00,41.8,18.12
2026-02-08 01:00:00,41.0,18.1
2026-02-08 02:00:00,41.0,18.03
2026-02-08 03:00:00,41.0,17.97
2026-02-08 04:00:00,40.8,17.82
2026-02-08 05:00:00,40.0,17.7
2026-02-08 06:00:00,40.0,17.6
2026-02-08 07:00:00,39.0,17.88
2026-02-08 08:00:00,37.0,19.13
2026-02-08 09:00:00,36.0,19.57
2026-02-08 10:00:00,36.7,18.93
2026-02-08 11:00:00,40.2,16.57
2026-02-08 12:00:00,40.5,16.52
2026-02-08 13:00:00,41.0,17.02
2026-02-08 14:00:00,40.0,17.83
2026-02-08 15:00:00,39.2,18.18
2026-02-08 16:00:00,39.0,18.35
2026-02-08 17:00:00,39.0,18.47
2026-02-08 18:00:00,39.0,18.5
2026-02-08 19:00:00,39.0,18.5
2026-02-08 20:00:00,39.0,18.5
2026-02-08 21:00:00,39.0,18.5
2026-02-08 22:00:00,39.0,18.5
2026-02-08 23:00:00,39.0,18.42
2026-02-09 00:00:00,39.0,18.4
2026-02-09 01:00:00,39.0,18.4
2026-02-09 02:00:00,39.0,18.4
2026-02-09 03:00:00,39.0,18.4
2026-02-09 04:00:00,39.0,18.37
2026-02-09 05:00:00,39.0,18.32
2026-02-09 06:00:00,39.0,18.3
2026-02-09 07:00:00,38.7,17.57
2026-02-09 08:00:00,39.4,16.88
2026-02-09 09:00:00,40.0,16.6
2026-02-09 10:00:00,40.0,16.5
2026-02-09 11:00:00,40.0,16.35
2026-02-09 12:00:00,40.3,16.33
2026-02-09 13:00:00,40.5,16.87
2026-02-09 14:00:00,40.0,17.33
2026-02-09 15:00:00,40.0,17.52
2026-02-09 16:00:00,39.8,17.67
2026-02-09 17:00:00,39.0,17.8
2026-02-09 18:00:00,39.0,17.9
2026-02-09 19:00:00,39.0,17.9
2026-02-09 20:00:00,39.0,17.9
2026-02-09 21:00:00,39.0,17.9
2026-02-09 22:00:00,38.2,17.9
2026-02-09 23:00:00,38.0,17.9
2026-02-10 00:00:00,38.0,17.9
2026-02-10 01:00:00,38.0,17.8
2026-02-10 02:00:00,38.0,17.78
2026-02-10 03:00:00,38.0,17.7
2026-02-10 04:00:00,38.0,17.63
2026-02-10 05:00:00,38.0,17.7
2026-02-10 06:00:00,38.0,17.67
2026-02-10 07:00:00,37.2,16.92
2026-02-10 08:00:00,38.5,16.17
2026-02-10 09:00:00,39.0,16.24
2026-02-10 10:00:00,39.0,16.4
2026-02-10 11:00:00,39.8,16.48
2026-02-10 12:00:00,40.7,16.4
2026-02-10 13:00:00,40.5,16.82
2026-02-10 14:00:00,40.0,17.22
2026-02-10 15:00:00,40.0,17.43
2026-02-10 16:00:00,40.0,17.6
2026-02-10 17:00:00,40.0,17.8
2026-02-10 18:00:00,40.0,17.8
2026-02-10 19:00:00,40.0,17.9
2026-02-10 20:00:00,40.0,17.9
2026-02-10 21:00:00,40.0,17.9
2026-02-10 22:00:00,40.0,17.98
2026-02-10 23:00:00,40.0,18.0
2026-02-11 00:00:00,40.0,18.0
2026-02-11 01:00:00,40.0,18.0
2026-02-11 02:00:00,40.0,18.08
2026-02-11 03:00:00,40.0,18.1
2026-02-11 04:00:00,40.3,18.15
2026-02-11 05:00:00,41.0,18.2
2026-02-11 06:00:00,41.0,18.2
2026-02-11 07:00:00,41.0,18.2
2026-02-11 08:00:00,41.0,18.2
2026-02-11 09:00:00,41.0,18.26
2026-02-11 10:00:00,42.0,18.3
2026-02-11 11:00:00,42.0,18.23
2026-02-11 12:00:00,42.0,18.15
2026-02-11 13:00:00,42.0,18.18
2026-02-11 14:00:00,42.8,18.35
2026-02-11 15:00:00,42.8,18.52
2026-02-11 16:00:00,42.0,18.7
2026-02-11 17:00:00,42.0,18.8
2026-02-11 18:00:00,42.0,18.8
2026-02-11 19:00:00,41.3,18.8
2026-02-11 20:00:00,41.0,18.8
2026-02-11 21:00:00,41.0,18.8
2026-02-11 22:00:00,41.0,18.72
2026-02-11 23:00:00,41.0,18.7
2026-02-12 00:00:00,41.0,18.7
2026-02-12 01:00:00,41.0,18.7
2026-02-12 02:00:00,41.0,18.7
2026-02-12 03:00:00,41.0,18.7
2026-02-12 04:00:00,41.0,18.7
2026-02-12 05:00:00,41.0,18.7
2026-02-12 06:00:00,41.0,18.7
2026-02-12 07:00:00,41.2,18.22
2026-02-12 08:00:00,42.5,17.65
2026-02-12 09:00:00,43.7,17.28
2026-02-12 10:00:00,45.2,16.83
2026-02-12 11:00:00,47.5,15.78
2026-02-12 12:00:00,47.7,15.97
2026-02-12 13:00:00,46.0,16.87
2026-02-12 14:00:00,44.2,17.58
2026-02-12 15:00:00,44.0,17.75
2026-02-12 16:00:00,44.0,17.83
2026-02-12 17:00:00,44.0,17.8
2026-02-12 18:00:00,43.3,17.9
2026-02-12 19:00:00,43.0,18.12
2026-02-12 20:00:00,43.0,18.05
2026-02-12 21:00:00,43.0,18.0
2026-02-12 22:00:00,42.5,18.18
2026-02-12 23:00:00,42.3,18.05
2026-02-13 00:00:00,42.5,18.02
2026-02-13 01:00:00,42.0,18.0
2026-02-13 02:00:00,42.0,18.05
2026-02-13 03:00:00,42.0,18.07
2026-02-13 04:00:00,41.8,18.23
2026-02-13 05:00:00,41.0,18.22
2026-02-13 06:00:00,41.0,18.13
2026-02-13 07:00:00,41.2,17.77
2026-02-13 08:00:00,42.2,17.28
2026-02-13 09:00:00,43.0,17.18
2026-02-13 10:00:00,42.0,17.1
2026-02-13 11:00:00,43.0,17.1
2026-02-13 12:00:00,43.0,17.34
2026-02-13 13:00:00,42.0,18.2
2026-02-13 14:00:00,42.0,18.28
2026-02-13 15:00:00,42.0,18.42
2026-02-13 16:00:00,41.0,18.67
2026-02-13 17:00:00,41.0,18.8
2026-02-13 18:00:00,41.0,18.88
2026-02-13 19:00:00,41.0,18.9
2026-02-13 20:00:00,41.0,19.0
2026-02-13 21:00:00,41.0,19.0
2026-02-13 22:00:00,41.0,19.0
2026-02-13 23:00:00,40.5,19.0
2026-02-14 00:00:00,40.0,19.0
2026-02-14 01:00:00,40.0,19.0
2026-02-14 02:00:00,40.0,19.0
2026-02-14 03:00:00,40.0,19.0
2026-02-14 04:00:00,40.0,18.97
2026-02-14 05:00:00,40.0,18.9
2026-02-14 06:00:00,40.0,18.97
2026-02-14 07:00:00,39.7,18.38
2026-02-14 08:00:00,41.0,17.76
2026-02-14 09:00:00,41.0,17.5
2026-02-14 10:00:00,41.0,17.47
2026-02-14 11:00:00,41.0,17.4
2026-02-14 12:00:00,41.5,17.27
2026-02-14 13:00:00,41.5,17.75
2026-02-14 14:00:00,41.0,18.35
2026-02-14 15:00:00,40.0,18.6
2026-02-14 16:00:00,40.0,18.9
2026-02-14 17:00:00,40.0,18.9
2026-02-14 18:00:00,40.0,18.9
2026-02-14 19:00:00,40.0,18.9
2026-02-14 20:00:00,40.0,18.9
2026-02-14 21:00:00,40.0,18.85
2026-02-14 22:00:00,39.5,18.8
2026-02-14 23:00:00,39.0,18.72
2026-02-15 00:00:00,39.0,18.6
2026-02-15 01:00:00,39.0,18.6
2026-02-15 02:00:00,39.0,18.57
2026-02-15 03:00:00,39.0,18.5
2026-02-15 04:00:00,38.8,18.45
2026-02-15 05:00:00,38.0,18.4
2026-02-15 06:00:00,38.0,18.4
2026-02-15 07:00:00,36.5,19.08
2026-02-15 08:00:00,34.3,19.78
2026-02-15 09:00:00,34.0,20.15
2026-02-15 10:00:00,33.3,20.55
2026-02-15 11:00:00,32.3,20.33
2026-02-15 12:00:00,37.0,16.22
2026-02-15 13:00:00,38.7,16.87
2026-02-15 14:00:00,37.0,18.38
2026-02-15 15:00:00,37.0,18.57
2026-02-15 16:00:00,37.0,18.56
2026-02-15 17:00:00,37.0,18.5
2026-02-15 18:00:00,37.0,18.5
2026-02-15 19:00:00,37.0,18.5
2026-02-15 20:00:00,37.0,18.5
2026-02-15 21:00:00,36.8,18.5
2026-02-15 22:00:00,36.5,18.5
2026-02-15 23:00:00,36.8,18.38
2026-02-16 00:00:00,37.0,18.28
2026-02-16 01:00:00,37.0,18.3
2026-02-16 02:00:00,37.8,18.33
2026-02-16 03:00:00,38.7,18.02
2026-02-16 04:00:00,39.0,17.92
2026-02-16 05:00:00,39.0,17.97
2026-02-16 06:00:00,38.8,18.3
2026-02-16 07:00:00,39.0,17.73
2026-02-16 08:00:00,40.3,17.12
2026-02-16 09:00:00,41.0,16.97
2026-02-16 10:00:00,41.7,16.82
2026-02-16 11:00:00,42.2,16.7
2026-02-16 12:00:00,43.0,16.77
2026-02-16 13:00:00,42.2,17.2
2026-02-16 14:00:00,41.0,17.62
2026-02-16 15:00:00,40.3,17.65
2026-02-16 16:00:00,39.2,17.88
2026-02-16 17:00:00,38.2,18.02
2026-02-16 18:00:00,37.8,18.1
2026-02-16 19:00:00,37.0,18.1
2026-02-16 20:00:00,37.0,18.1
2026-02-16 21:00:00,37.0,18.1
2026-02-16 22:00:00,37.0,18.07
2026-02-16 23:00:00,36.7,18.02
2026-02-17 00:00:00,36.0,18.0
2026-02-17 01:00:00,36.0,17.98
2026-02-17 02:00:00,36.0,17.9
2026-02-17 03:00:00,36.0,17.85
2026-02-17 04:00:00,36.0,17.8
2026-02-17 05:00:00,35.5,17.77
2026-02-17 06:00:00,35.0,17.7
2026-02-17 07:00:00,35.8,17.4
2026-02-17 08:00:00,36.0,17.17
2026-02-17 09:00:00,37.0,17.03
2026-02-17 10:00:00,38.2,16.75
2026-02-17 11:00:00,39.5,16.55
2026-02-17 12:00:00,40.0,16.24
2026-02-17 13:00:00,39.0,16.9
2026-02-17 14:00:00,39.0,16.98
2026-02-17 15:00:00,39.0,17.0
2026-02-17 16:00:00,39.0,17.07
2026-02-17 17:00:00,38.0,17.1
2026-02-17 18:00:00,36.8,17.05
2026-02-17 19:00:00,35.8,17.0
2026-02-17 20:00:00,35.0,17.0
2026-02-17 21:00:00,34.5,17.0
2026-02-17 22:00:00,34.0,16.93
2026-02-17 23:00:00,34.0,16.9
2026-02-18 00:00:00,33.0,16.87
2026-02-18 01:00:00,33.0,16.8
2026-02-18 02:00:00,33.0,16.75
2026-02-18 03:00:00,33.0,16.7
2026-02-18 04:00:00,33.0,16.62
2026-02-18 05:00:00,33.0,16.58
2026-02-18 06:00:00,33.0,16.5
2026-02-18 07:00:00,33.0,16.5
2026-02-18 08:00:00,34.0,16.4
2026-02-18 09:00:00,34.2,16.5
2026-02-18 10:00:00,35.0,16.58
2026-02-18 11:00:00,36.0,16.67
2026-02-18 12:00:00,36.0,16.73
2026-02-18 13:00:00,36.0,16.77
2026-02-18 14:00:00,36.0,16.7
2026-02-18 15:00:00,36.0,16.7
2026-02-18 16:00:00,36.0,16.7
2026-02-18 17:00:00,37.0,16.7
2026-02-18 18:00:00,37.0,16.7
2026-02-18 19:00:00,37.0,16.7
2026-02-18 20:00:00,37.0,16.7
2026-02-18 21:00:00,37.0,16.7
2026-02-18 22:00:00,37.0,16.67
2026-02-18 23:00:00,38.0,16.68
2026-02-19 00:00:00,38.0,16.7
2026-02-19 01:00:00,38.0,16.7
2026-02-19 02:00:00,38.0,16.7
2026-02-19 03:00:00,38.0,16.65
2026-02-19 04:00:00,38.0,16.7
2026-02-19 05:00:00,38.0,16.7
2026-02-19 06:00:00,38.0,16.7
2026-02-19 07:00:00,39.0,16.08
2026-02-19 08:00:00,40.7,15.5
2026-02-19 09:00:00,41.0,15.5
2026-02-19 10:00:00,41.5,15.43
2026-02-19 11:00:00,42.0,15.55
2026-02-19 12:00:00,42.0,15.68
2026-02-19 13:00:00,42.0,16.03
2026-02-19 14:00:00,42.8,16.42
2026-02-19 15:00:00,43.0,16.57
2026-02-19 16:00:00,43.0,16.7
2026-02-19 17:00:00,42.7,16.78
2026-02-19 18:00:00,42.0,16.82
2026-02-19 19:00:00,42.0,16.9
2026-02-19 20:00:00,42.0,16.92
2026-02-19 21:00:00,42.0,17.0
2026-02-19 22:00:00,42.0,17.0
2026-02-19 23:00:00,42.0,17.0
2026-02-20 00:00:00,42.0,17.02
2026-02-20 01:00:00,42.0,17.1
2026-02-20 02:00:00,42.0,17.1
2026-02-20 03:00:00,42.0,17.1
2026-02-20 04:00:00,42.0,17.18
2026-02-20 05:00:00,42.0,17.18
2026-02-20 06:00:00,42.0,17.2
2026-02-20 07:00:00,43.2,16.6
2026-02-20 08:00:00,44.0,16.05
2026-02-20 09:00:00,44.0,16.07
2026-02-20 10:00:00,44.0,16.27
2026-02-20 11:00:00,44.0,16.35
2026-02-20 12:00:00,44.0,16.4
2026-02-20 13:00:00,43.8,16.8
2026-02-20 14:00:00,43.0,17.17
2026-02-20 15:00:00,43.0,17.3
2026-02-20 16:00:00,43.0,17.4
2026-02-20 17:00:00,43.0,17.5
2026-02-20 18:00:00,43.0,17.55
2026-02-20 19:00:00,43.0,17.53
2026-02-20 20:00:00,42.5,17.55
2026-02-20 21:00:00,42.0,17.6
2026-02-20 22:00:00,42.0,17.6
2026-02-20 23:00:00,42.0,17.6
2026-02-21 01:00:00,42.0,17.6
2026-02-21 02:00:00,41.3,17.62
2026-02-21 03:00:00,41.0,17.62
2026-02-21 04:00:00,41.0,17.52
2026-02-21 05:00:00,41.0,17.5
2026-02-21 06:00:00,41.2,17.38
2026-02-21 07:00:00,42.5,16.7
2026-02-21 08:00:00,44.3,15.98
2026-02-21 09:00:00,45.2,15.82
2026-02-21 10:00:00,46.5,15.35
2026-02-21 11:00:00,48.7,14.97
2026-02-21 12:00:00,48.5,15.12
2026-02-21 13:00:00,46.5,15.95
2026-02-21 14:00:00,45.0,16.55
2026-02-21 15:00:00,45.0,16.82
2026-02-21 16:00:00,44.0,16.98
2026-02-21 17:00:00,44.0,17.1
2026-02-21 18:00:00,44.0,17.2
2026-02-21 19:00:00,44.0,17.37
2026-02-21 20:00:00,44.0,17.55
2026-02-21 21:00:00,43.2,17.65
2026-02-21 22:00:00,43.0,17.72
2026-02-21 23:00:00,43.0,17.8
2026-02-22 00:00:00,43.0,17.88
2026-02-22 01:00:00,43.0,17.9
2026-02-22 02:00:00,43.0,17.9
2026-02-22 03:00:00,43.0,17.9
2026-02-22 04:00:00,42.3,17.9
2026-02-22 05:00:00,42.0,18.0
2026-02-22 06:00:00,42.0,18.0
2026-02-22 07:00:00,42.3,17.48
2026-02-22 08:00:00,43.3,16.92
2026-02-22 09:00:00,43.5,17.1
2026-02-22 10:00:00,44.3,17.3
2026-02-22 11:00:00,43.5,17.63
2026-02-22 12:00:00,44.0,17.27
2026-02-22 13:00:00,44.2,17.5
2026-02-22 14:00:00,43.2,17.95
2026-02-22 15:00:00,43.0,18.1
2026-02-22 16:00:00,43.0,18.27
2026-02-22 17:00:00,43.0,18.47
2026-02-22 18:00:00,43.0,18.6
2026-02-22 19:00:00,43.0,18.67
2026-02-22 20:00:00,43.0,18.7
2026-02-22 21:00:00,43.0,18.7
2026-02-22 22:00:00,43.0,18.75
2026-02-22 23:00:00,43.0,18.8
2026-02-23 00:00:00,43.0,18.8
2026-02-23 01:00:00,43.0,18.8
2026-02-23 02:00:00,43.0,18.87
2026-02-23 03:00:00,43.0,18.9
2026-02-23 04:00:00,43.0,18.9
2026-02-23 05:00:00,43.0,18.93
2026-02-23 06:00:00,43.0,19.0
2026-02-23 07:00:00,43.7,18.57
2026-02-23 08:00:00,45.0,18.05
2026-02-23 09:00:00,46.0,17.63
2026-02-23 10:00:00,45.5,17.88
2026-02-23 11:00:00,45.0,18.05
2026-02-23 12:00:00,45.3,18.18
2026-02-23 13:00:00,45.2,18.46
2026-02-23 14:00:00,45.0,18.9
2026-02-23 15:00:00,45.0,18.88
2026-02-23 16:00:00,45.0,19.02
2026-02-23 17:00:00,45.0,19.12
2026-02-23 18:00:00,45.0,19.25
2026-02-23 19:00:00,45.0,19.33
2026-02-23 20:00:00,45.0,19.42
2026-02-23 21:00:00,45.0,19.43
2026-02-23 22:00:00,45.0,19.43
2026-02-23 23:00:00,45.0,19.5
2026-02-24 00:00:00,45.0,19.5
2026-02-24 01:00:00,45.0,19.48
2026-02-24 02:00:00,44.2,19.58
2026-02-24 03:00:00,44.0,19.6
2026-02-24 04:00:00,44.0,19.68
2026-02-24 05:00:00,44.0,19.8
2026-02-24 06:00:00,44.0,19.8
2026-02-24 07:00:00,44.5,19.38
2026-02-24 08:00:00,45.0,19.33
2026-02-24 09:00:00,44.0,19.63
2026-02-24 10:00:00,44.5,19.55
2026-02-24 11:00:00,45.0,19.45
2026-02-24 12:00:00,45.0,19.6
2026-02-24 13:00:00,45.2,19.85
2026-02-24 14:00:00,45.0,20.15
2026-02-24 15:00:00,45.0,20.27
2026-02-24 16:00:00,45.0,20.4
2026-02-24 17:00:00,45.0,20.46
2026-02-24 18:00:00,45.0,20.5
2026-02-24 19:00:00,45.0,20.53
2026-02-24 20:00:00,45.0,20.6
2026-02-24 21:00:00,45.0,20.6
2026-02-24 22:00:00,44.8,20.6
2026-02-24 23:00:00,44.0,20.55
2026-02-25 00:00:00,44.0,20.5
2026-02-25 01:00:00,44.0,20.43
2026-02-25 02:00:00,44.0,20.33
2026-02-25 03:00:00,44.0,20.38
2026-02-25 04:00:00,44.0,20.38
2026-02-25 05:00:00,44.0,20.4
2026-02-25 06:00:00,43.5,20.4
2026-02-25 07:00:00,43.0,20.35
2026-02-25 08:00:00,43.2,20.3
2026-02-25 09:00:00,43.0,20.38
2026-02-25 10:00:00,43.0,20.4
2026-02-25 11:00:00,43.0,20.53
2026-02-25 12:00:00,43.0,20.7
2026-02-25 13:00:00,43.0,20.87
2026-02-25 14:00:00,43.0,20.96
2026-02-25 15:00:00,43.0,21.2
2026-02-25 16:00:00,43.0,21.12
2026-02-25 17:00:00,42.5,21.03
2026-02-25 18:00:00,41.2,20.85
2026-02-25 19:00:00,41.2,20.9
2026-02-25 20:00:00,42.0,20.85
2026-02-25 21:00:00,42.0,20.78
2026-02-25 22:00:00,42.0,20.7
2026-02-25 23:00:00,42.0,20.6
2026-02-26 00:00:00,42.0,20.6
2026-02-26 01:00:00,42.0,20.53
2026-02-26 02:00:00,42.0,20.5
2026-02-26 03:00:00,42.0,20.5
2026-02-26 04:00:00,42.0,20.45
2026-02-26 05:00:00,41.0,20.38
2026-02-26 06:00:00,41.0,20.3
2026-02-26 07:00:00,40.2,19.63
2026-02-26 08:00:00,41.0,19.1
2026-02-26 09:00:00,42.0,19.3
2026-02-26 10:00:00,42.0,19.42
2026-02-26 11:00:00,42.0,19.8
2026-02-26 12:00:00,42.0,20.05
2026-02-26 13:00:00,42.0,20.35
2026-02-26 14:00:00,42.0,20.55
2026-02-26 15:00:00,42.0,20.63
2026-02-26 16:00:00,42.0,20.68
2026-02-26 17:00:00,42.0,20.6
2026-02-26 18:00:00,42.0,20.67
2026-02-26 19:00:00,42.0,20.7
2026-02-26 20:00:00,41.0,20.62
2026-02-26 21:00:00,41.0,20.52
2026-02-26 22:00:00,41.0,20.42
2026-02-26 23:00:00,41.0,20.28
2026-02-27 00:00:00,41.0,20.17
2026-02-27 01:00:00,41.0,20.07
2026-02-27 02:00:00,41.0,20.0
2026-02-27 03:00:00,41.0,20.0
2026-02-27 04:00:00,41.0,20.0
2026-02-27 05:00:00,41.0,20.0
2026-02-27 06:00:00,41.0,20.0
2026-02-27 07:00:00,40.7,19.45
2026-02-27 08:00:00,40.7,19.5
2026-02-27 09:00:00,40.0,19.58
2026-02-27 10:00:00,39.3,19.78
2026-02-27 11:00:00,39.5,19.92
2026-02-27 12:00:00,40.0,20.05
2026-02-27 13:00:00,40.0,20.17
2026-02-27 14:00:00,40.0,20.32
2026-02-27 15:00:00,40.0,20.4
2026-02-27 16:00:00,40.0,20.4
2026-02-27 17:00:00,40.0,20.4
2026-02-27 18:00:00,40.0,20.4
2026-02-27 19:00:00,40.0,20.32
2026-02-27 20:00:00,40.0,20.3
2026-02-27 21:00:00,40.0,20.2
2026-02-27 22:00:00,40.0,20.13
2026-02-27 23:00:00,40.0,20.03
2026-02-28 00:00:00,40.0,19.92
2026-02-28 01:00:00,40.0,19.82
2026-02-28 02:00:00,40.0,19.7
2026-02-28 03:00:00,40.0,19.7
2026-02-28 04:00:00,40.0,19.7
2026-02-28 05:00:00,40.0,19.7
2026-02-28 06:00:00,40.0,19.7
2026-02-28 07:00:00,39.2,19.2
2026-02-28 08:00:00,40.2,18.77
2026-02-28 09:00:00,41.0,18.7
2026-02-28 10:00:00,41.5,18.7
2026-02-28 11:00:00,42.0,18.77
2026-02-28 12:00:00,42.2,18.85
2026-02-28 13:00:00,42.3,19.12
2026-02-28 14:00:00,42.0,19.35
2026-02-28 15:00:00,42.0,19.5
2026-02-28 16:00:00,42.0,19.63
2026-02-28 17:00:00,41.2,19.7
2026-02-28 18:00:00,41.0,19.8
2026-02-28 19:00:00,41.0,19.82
2026-02-28 20:00:00,41.0,19.9
2026-02-28 21:00:00,41.0,19.9
2026-02-28 22:00:00,41.0,19.93
2026-02-28 23:00:00,41.0,20.0
2026-03-01 00:00:00,41.0,20.0
2026-03-01 01:00:00,41.0,20.0
2026-03-01 02:00:00,41.0,20.0
2026-03-01 03:00:00,41.0,20.0
2026-03-01 04:00:00,41.0,20.0
2026-03-01 05:00:00,41.0,20.0
2026-03-01 06:00:00,40.8,20.0
2026-03-01 07:00:00,40.5,19.77
2026-03-01 08:00:00,41.0,19.3
2026-03-01 09:00:00,41.8,18.92
2026-03-01 10:00:00,42.0,18.97
2026-03-01 11:00:00,41.8,19.35
2026-03-01 12:00:00,41.8,19.18
2026-03-01 13:00:00,42.0,19.35
2026-03-01 14:00:00,41.3,19.87
2026-03-01 15:00:00,41.0,20.05
2026-03-01 16:00:00,41.0,20.1
2026-03-01 17:00:00,41.0,20.1
2026-03-01 18:00:00,41.0,20.1
2026-03-01 19:00:00,41.0,20.1
2026-03-01 20:00:00,40.2,20.1
2026-03-01 21:00:00,40.0,20.1
2026-03-01 22:00:00,40.0,20.1
2026-03-01 23:00:00,40.0,20.0
2026-03-02 00:00:00,40.0,19.98
2026-03-02 01:00:00,40.0,19.88
2026-03-02 02:00:00,40.0,19.77
2026-03-02 03:00:00,39.2,19.68
2026-03-02 04:00:00,39.0,19.57
2026-03-02 05:00:00,39.0,19.5
2026-03-02 06:00:00,39.0,19.42
2026-03-02 07:00:00,37.7,18.85
2026-03-02 08:00:00,38.3,18.23
2026-03-02 09:00:00,39.2,18.02
2026-03-02 10:00:00,40.0,17.9
2026-03-02 11:00:00,40.7,18.33
2026-03-02 12:00:00,41.0,18.52
2026-03-02 13:00:00,40.2,19.27
2026-03-02 14:00:00,39.2,19.26
2026-03-02 15:00:00,39.0,19.4
2026-03-02 16:00:00,38.2,19.4
2026-03-02 17:00:00,38.0,19.4
2026-03-02 18:00:00,38.0,19.4
2026-03-02 19:00:00,38.2,19.4
2026-03-02 20:00:00,39.0,19.4
2026-03-02 21:00:00,39.0,19.3
2026-03-02 22:00:00,39.0,19.22
2026-03-02 23:00:00,39.0,19.13
2026-03-03 00:00:00,39.0,19.03
2026-03-03 01:00:00,39.0,18.92
2026-03-03 02:00:00,39.0,18.78
2026-03-03 03:00:00,39.0,18.67
2026-03-03 04:00:00,39.0,18.55
2026-03-03 05:00:00,39.0,18.43
2026-03-03 06:00:00,39.0,18.28
2026-03-03 07:00:00,38.3,17.73
2026-03-03 08:00:00,39.5,17.2
2026-03-03 09:00:00,40.0,17.27
2026-03-03 10:00:00,40.0,17.5
2026-03-03 11:00:00,40.0,17.6
2026-03-03 12:00:00,40.0,17.67
2026-03-03 13:00:00,40.0,17.77
2026-03-03 14:00:00,40.5,17.87
2026-03-03 15:00:00,40.0,17.95
2026-03-03 16:00:00,40.0,18.0
2026-03-03 17:00:00,40.0,18.0
2026-03-03 18:00:00,40.0,18.0
2026-03-03 19:00:00,40.0,17.95
2026-03-03 20:00:00,40.0,17.9
2026-03-03 21:00:00,40.7,17.8
2026-03-03 22:00:00,41.0,17.73
2026-03-03 23:00:00,41.0,17.65
2026-03-04 00:00:00,41.0,17.57
2026-03-04 01:00:00,41.0,17.5
2026-03-04 02:00:00,41.0,17.4
2026-03-04 03:00:00,41.0,17.3
2026-03-04 04:00:00,41.0,17.23
2026-03-04 05:00:00,41.0,17.13
2026-03-04 06:00:00,41.0,17.05
2026-03-04 07:00:00,41.0,17.0
2026-03-04 08:00:00,41.0,17.0
2026-03-04 09:00:00,41.0,17.0
2026-03-04 10:00:00,41.0,17.0
2026-03-04 11:00:00,41.0,17.0
2026-03-04 12:00:00,41.0,17.08
2026-03-04 13:00:00,41.0,17.18
2026-03-04 14:00:00,41.0,17.2
2026-03-04 15:00:00,41.0,17.2
2026-03-04 16:00:00,41.0,17.2
2026-03-04 17:00:00,41.0,17.2
2026-03-04 18:00:00,41.0,17.18
2026-03-04 19:00:00,41.0,17.1
2026-03-04 20:00:00,41.0,17.03
2026-03-04 21:00:00,41.0,16.95
2026-03-04 22:00:00,41.0,16.88
2026-03-04 23:00:00,41.0,16.8
2026-03-05 00:00:00,41.0,16.7
2026-03-05 01:00:00,41.0,16.63
2026-03-05 02:00:00,41.7,16.55
2026-03-05 03:00:00,41.5,16.48
2026-03-05 04:00:00,41.0,16.4
2026-03-05 05:00:00,41.0,16.32
2026-03-05 06:00:00,41.0,16.23
2026-03-05 07:00:00,41.2,16.13
2026-03-05 08:00:00,42.0,16.0
2026-03-05 09:00:00,42.0,16.0
2026-03-05 10:00:00,42.7,16.0
2026-03-05 11:00:00,43.0,16.0
2026-03-05 12:00:00,43.0,16.08
2026-03-05 13:00:00,43.3,16.17
2026-03-05 14:00:00,44.0,16.28
2026-03-05 15:00:00,44.0,16.4
2026-03-05 16:00:00,43.0,16.4
2026-03-05 17:00:00,43.0,16.4
2026-03-05 18:00:00,43.0,16.33
2026-03-05 19:00:00,43.0,16.3
2026-03-05 20:00:00,43.0,16.3
2026-03-05 21:00:00,43.0,16.22
2026-03-05 22:00:00,43.0,16.2
2026-03-05 23:00:00,43.0,16.1
2026-03-06 00:00:00,43.0,16.08
2026-03-06 01:00:00,43.2,16.0
2026-03-06 02:00:00,43.8,15.97
2026-03-06 03:00:00,44.0,15.9
2026-03-06 04:00:00,44.0,15.85
2026-03-06 05:00:00,44.0,15.8
2026-03-06 06:00:00,43.7,15.7
2026-03-06 07:00:00,43.7,15.65
2026-03-06 08:00:00,44.0,15.52
2026-03-06 09:00:00,44.0,15.5
2026-03-06 10:00:00,44.8,15.5
2026-03-06 11:00:00,45.0,15.53
2026-03-06 12:00:00,45.2,15.62
2026-03-06 13:00:00,46.0,15.73
2026-03-06 14:00:00,46.2,15.92
2026-03-06 15:00:00,46.0,16.1
2026-03-06 16:00:00,46.0,16.27
2026-03-06 17:00:00,46.0,16.45
2026-03-06 18:00:00,47.0,16.68
2026-03-06 19:00:00,47.8,16.95
2026-03-06 20:00:00,48.0,17.2
2026-03-06 21:00:00,48.0,17.37
2026-03-06 22:00:00,47.3,17.4
2026-03-06 23:00:00,47.0,17.47
2026-03-07 00:00:00,47.0,17.5
2026-03-07 01:00:00,46.2,17.58
2026-03-07 02:00:00,46.0,17.62
2026-03-07 03:00:00,45.7,17.7
2026-03-07 04:00:00,45.0,17.7
2026-03-07 05:00:00,45.0,17.7
2026-03-07 06:00:00,44.7,17.73
2026-03-07 07:00:00,43.5,17.4
2026-03-07 08:00:00,44.2,17.1
2026-03-07 09:00:00,45.0,17.18
2026-03-07 10:00:00,45.0,17.38
2026-03-07 11:00:00,45.0,17.62
2026-03-07 12:00:00,45.0,17.85
2026-03-07 13:00:00,45.0,18.23
2026-03-07 14:00:00,45.0,18.57
2026-03-07 15:00:00,45.0,18.78
2026-03-07 16:00:00,44.3,18.95
2026-03-07 17:00:00,44.0,19.1
2026-03-07 18:00:00,44.0,19.17
2026-03-07 19:00:00,44.0,19.2
2026-03-07 20:00:00,44.0,19.3
2026-03-07 21:00:00,44.0,19.3
2026-03-07 22:00:00,44.0,19.3
2026-03-07 23:00:00,44.0,19.3
2026-03-08 00:00:00,44.0,19.3
2026-03-08 01:00:00,43.8,19.3
2026-03-08 02:00:00,43.0,19.23
2026-03-08 03:00:00,43.0,19.2
2026-03-08 04:00:00,43.0,19.2
2026-03-08 05:00:00,43.0,19.12
2026-03-08 06:00:00,42.0,19.1
2026-03-08 07:00:00,41.2,19.85
2026-03-08 08:00:00,39.7,20.72
2026-03-08 09:00:00,40.8,20.4
2026-03-08 10:00:00,42.0,20.37
2026-03-08 11:00:00,42.0,20.3
2026-03-08 12:00:00,42.0,20.13
2026-03-08 13:00:00,42.3,20.38
2026-03-08 14:00:00,42.0,20.65
2026-03-08 15:00:00,42.0,20.63
2026-03-08 16:00:00,42.0,20.6
2026-03-08 17:00:00,42.0,20.6
2026-03-08 18:00:00,42.0,20.5
2026-03-08 19:00:00,42.0,20.43
2026-03-08 20:00:00,42.0,20.33
2026-03-08 21:00:00,42.0,20.22
2026-03-08 22:00:00,42.0,20.07
2026-03-08 23:00:00,42.0,19.97
2026-03-09 00:00:00,41.8,19.85
2026-03-09 01:00:00,41.0,19.73
2026-03-09 02:00:00,41.0,19.63
2026-03-09 03:00:00,41.0,19.58
2026-03-09 04:00:00,41.0,19.5
2026-03-09 05:00:00,42.0,19.5
2026-03-09 06:00:00,41.8,19.5
2026-03-09 07:00:00,41.8,19.1
2026-03-09 08:00:00,43.0,18.72
2026-03-09 09:00:00,43.0,18.78
2026-03-09 10:00:00,43.0,18.77
2026-03-09 11:00:00,43.0,18.9
2026-03-09 12:00:00,43.0,19.2
2026-03-09 13:00:00,43.0,19.44
2026-03-09 14:00:00,43.0,19.7
2026-03-09 15:00:00,43.0,19.78
2026-03-09 16:00:00,43.0,19.8
2026-03-09 17:00:00,42.7,19.82
2026-03-09 18:00:00,42.0,19.8
2026-03-09 19:00:00,42.0,19.8
2026-03-09 20:00:00,42.0,19.8
2026-03-09 21:00:00,42.0,19.8
2026-03-09 22:00:00,42.0,19.72
2026-03-09 23:00:00,42.0,19.6
2026-03-10 00:00:00,42.0,19.52
2026-03-10 01:00:00,42.0,19.42
2026-03-10 02:00:00,42.0,19.28
2026-03-10 03:00:00,42.0,19.17
2026-03-10 04:00:00,42.0,19.07
2026-03-10 05:00:00,42.0,18.95
2026-03-10 06:00:00,42.0,18.82
2026-03-10 07:00:00,41.3,18.42
2026-03-10 08:00:00,42.2,18.1
2026-03-10 09:00:00,43.0,18.3
2026-03-10 10:00:00,43.0,18.3
2026-03-10 11:00:00,43.0,18.38
2026-03-10 12:00:00,43.0,18.4
2026-03-10 13:00:00,43.0,18.47
2026-03-10 14:00:00,42.8,18.6
2026-03-10 15:00:00,43.0,18.6
2026-03-10 16:00:00,43.0,18.6
2026-03-10 17:00:00,43.0,18.6
2026-03-10 18:00:00,43.0,18.57
2026-03-10 19:00:00,43.0,18.5
2026-03-10 20:00:00,43.0,18.5
2026-03-10 21:00:00,44.0,18.43
2026-03-10 22:00:00,44.0,18.38
2026-03-10 23:00:00,44.0,18.3
2026-03-11 00:00:00,44.0,18.28
2026-03-11 01:00:00,44.0,18.2
2026-03-11 02:00:00,44.0,18.18
2026-03-11 03:00:00,44.0,18.1
2026-03-11 04:00:00,44.0,18.03
2026-03-11 05:00:00,44.0,17.98
2026-03-11 06:00:00,44.0,17.9
2026-03-11 07:00:00,44.0,17.8
2026-03-11 08:00:00,44.0,17.8
2026-03-11 09:00:00,44.0,17.8
2026-03-11 10:00:00,44.0,17.73
2026-03-11 11:00:00,44.0,17.7
2026-03-11 12:00:00,44.0,17.7
2026-03-11 13:00:00,44.8,17.7
2026-03-11 14:00:00,44.0,17.74
2026-03-11 15:00:00,44.0,18.0
2026-03-11 16:00:00,44.0,17.97
2026-03-11 17:00:00,44.0,17.9
2026-03-11 18:00:00,44.0,17.8
2026-03-11 19:00:00,44.0,17.8
2026-03-11 20:00:00,44.7,17.73
2026-03-11 21:00:00,45.0,17.63
2026-03-11 22:00:00,45.0,17.6
2026-03-11 23:00:00,45.0,17.52
2026-03-12 00:00:00,45.0,17.47
2026-03-12 01:00:00,45.0,17.4
2026-03-12 02:00:00,45.0,17.35
2026-03-12 03:00:00,45.0,17.3
2026-03-12 04:00:00,45.0,17.2
2026-03-12 05:00:00,45.0,17.2
2026-03-12 06:00:00,45.0,17.1
2026-03-12 07:00:00,46.0,16.9
2026-03-12 08:00:00,46.0,16.83
2026-03-12 09:00:00,46.0,16.8
2026-03-12 10:00:00,46.0,16.8
2026-03-12 11:00:00,46.0,16.8
2026-03-12 12:00:00,46.0,16.8
2026-03-12 13:00:00,46.0,16.82
2026-03-12 14:00:00,45.2,16.9
2026-03-12 15:00:00,44.0,16.9
2026-03-12 16:00:00,44.0,16.9
2026-03-12 17:00:00,44.3,16.98
2026-03-12 18:00:00,44.0,17.15
2026-03-12 19:00:00,44.0,17.2
2026-03-12 20:00:00,44.0,17.1
2026-03-12 21:00:00,44.0,17.02
2026-03-12 22:00:00,44.0,16.93
2026-03-12 23:00:00,44.0,16.83
2026-03-13 00:00:00,44.0,16.75
2026-03-13 01:00:00,44.0,16.67
2026-03-13 02:00:00,44.0,16.58
2026-03-13 03:00:00,44.0,16.5
2026-03-13 04:00:00,44.0,16.4
2026-03-13 05:00:00,44.0,16.32
2026-03-13 06:00:00,43.0,16.23
2026-03-13 07:00:00,43.3,16.18
2026-03-13 08:00:00,44.0,16.1
2026-03-13 09:00:00,44.0,16.1
2026-03-13 10:00:00,44.0,16.07
2026-03-13 11:00:00,44.0,16.02
2026-03-13 12:00:00,44.0,16.12
2026-03-13 13:00:00,44.0,16.33
2026-03-13 14:00:00,44.0,16.55
2026-03-13 15:00:00,44.0,16.75
2026-03-13 16:00:00,44.2,16.95
2026-03-13 17:00:00,44.2,17.08
2026-03-13 18:00:00,44.7,17.27
2026-03-13 19:00:00,44.0,17.43
2026-03-13 20:00:00,44.0,17.53
2026-03-13 21:00:00,43.2,17.65
2026-03-13 22:00:00,43.0,17.73
2026-03-13 23:00:00,43.0,17.83
2026-03-14 00:00:00,42.3,17.92
2026-03-14 01:00:00,42.0,18.0
2026-03-14 02:00:00,42.0,18.07
2026-03-14 03:00:00,41.8,18.1
2026-03-14 04:00:00,41.0,18.12
2026-03-14 05:00:00,41.0,18.18
2026-03-14 06:00:00,42.0,18.2
2026-03-14 07:00:00,42.0,17.8
2026-03-14 08:00:00,42.0,17.35
2026-03-14 09:00:00,42.0,17.28
2026-03-14 10:00:00,42.0,17.23
2026-03-14 11:00:00,41.8,17.12
2026-03-14 12:00:00,41.0,17.03
2026-03-14 13:00:00,40.8,17.24
2026-03-14 14:00:00,40.0,17.5
2026-03-14 15:00:00,40.0,17.63
2026-03-14 16:00:00,40.0,17.7
2026-03-14 17:00:00,40.0,17.7
2026-03-14 18:00:00,40.0,17.7
2026-03-14 19:00:00,40.0,17.7
2026-03-14 20:00:00,40.0,17.7
2026-03-14 21:00:00,39.6,17.7
2026-03-14 23:00:00,39.0,17.7
2026-03-15 00:00:00,39.0,17.72
2026-03-15 01:00:00,39.0,17.7
2026-03-15 02:00:00,39.0,17.7
2026-03-15 03:00:00,39.0,17.75
2026-03-15 04:00:00,39.0,17.75
2026-03-15 05:00:00,39.0,17.8
2026-03-15 06:00:00,39.0,17.74
2026-03-15 07:00:00,39.0,17.4
2026-03-15 08:00:00,39.4,17.56
2026-03-15 09:00:00,39.0,17.3
2026-03-15 10:00:00,39.3,17.57
2026-03-15 11:00:00,39.0,17.72
2026-03-15 12:00:00,38.2,17.7
2026-03-15 13:00:00,37.8,17.82
2026-03-15 14:00:00,38.0,18.0
2026-03-15 15:00:00,38.0,18.12
2026-03-15 16:00:00,38.0,18.32
2026-03-15 17:00:00,38.0,18.4
2026-03-15 18:00:00,38.0,18.48
2026-03-15 19:00:00,38.0,18.5
2026-03-15 20:00:00,38.0,18.5
2026-03-15 21:00:00,38.0,18.5
2026-03-15 22:00:00,38.0,18.5
2026-03-15 23:00:00,38.0,18.5
2026-03-16 00:00:00,38.0,18.5
2026-03-16 01:00:00,38.0,18.5
2026-03-16 02:00:00,38.0,18.5
2026-03-16 03:00:00,38.0,18.42
2026-03-16 04:00:00,38.0,18.4
2026-03-16 05:00:00,37.5,18.38
2026-03-16 06:00:00,37.0,18.3
2026-03-16 07:00:00,36.0,17.68
2026-03-16 08:00:00,36.5,16.97
2026-03-16 09:00:00,36.8,16.72
2026-03-16 10:00:00,37.0,16.44
2026-03-16 11:00:00,37.0,16.1
2026-03-16 12:00:00,38.0,16.15
2026-03-16 13:00:00,38.2,16.9
2026-03-16 14:00:00,38.0,17.4
2026-03-16 15:00:00,38.0,17.6
2026-03-16 16:00:00,38.0,17.78
2026-03-16 17:00:00,38.0,17.93
2026-03-16 18:00:00,38.0,18.13
2026-03-16 19:00:00,38.0,18.23
2026-03-16 20:00:00,38.0,18.3
2026-03-16 21:00:00,38.0,18.35
2026-03-16 22:00:00,38.0,18.4
2026-03-16 23:00:00,38.0,18.4
2026-03-17 00:00:00,38.0,18.48
2026-03-17 01:00:00,38.0,18.48
2026-03-17 02:00:00,38.0,18.48
2026-03-17 03:00:00,38.0,18.5
2026-03-17 04:00:00,38.0,18.5
2026-03-17 05:00:00,38.0,18.5
2026-03-17 06:00:00,38.0,18.5
2026-03-17 07:00:00,38.5,17.97
2026-03-17 08:00:00,39.8,17.45
2026-03-17 09:00:00,40.0,17.5
2026-03-17 10:00:00,40.0,17.6
2026-03-17 11:00:00,40.0,17.7
2026-03-17 12:00:00,40.0,17.82
2026-03-17 13:00:00,39.5,18.2
2026-03-17 14:00:00,39.0,18.5
2026-03-17 15:00:00,39.0,18.6
2026-03-17 16:00:00,39.0,18.6
2026-03-17 17:00:00,39.0,18.68
2026-03-17 18:00:00,39.0,18.73
2026-03-17 19:00:00,39.0,18.8
2026-03-17 20:00:00,39.0,18.8
2026-03-17 21:00:00,39.0,18.73
2026-03-17 22:00:00,39.0,18.7
2026-03-17 23:00:00,39.0,18.7
2026-03-18 00:00:00,39.0,18.7
2026-03-18 01:00:00,39.0,18.7
2026-03-18 02:00:00,38.7,18.7
2026-03-18 03:00:00,38.0,18.7
2026-03-18 04:00:00,38.0,18.67
2026-03-18 05:00:00,37.7,18.6
2026-03-18 06:00:00,37.0,18.57
2026-03-18 07:00:00,37.0,18.58
2026-03-18 08:00:00,36.2,18.68
2026-03-18 09:00:00,36.0,18.7
2026-03-18 10:00:00,36.0,18.82
2026-03-18 11:00:00,35.6,18.98
2026-03-18 12:00:00,34.0,18.9
2026-03-18 13:00:00,33.3,18.72
2026-03-18 14:00:00,34.0,18.88
2026-03-18 15:00:00,35.0,19.0
2026-03-18 16:00:00,35.0,18.92
2026-03-18 17:00:00,35.5,18.88
2026-03-18 18:00:00,35.5,18.9
2026-03-18 19:00:00,36.0,18.9
2026-03-18 20:00:00,36.0,18.82
2026-03-18 21:00:00,36.0,18.73
2026-03-18 22:00:00,36.0,18.63
2026-03-18 23:00:00,36.0,18.52
2026-03-19 00:00:00,36.0,18.38
2026-03-19 01:00:00,36.0,18.27
2026-03-19 02:00:00,36.0,18.15
2026-03-19 03:00:00,36.7,18.03
2026-03-19 04:00:00,37.0,17.9
2026-03-19 05:00:00,37.0,17.77
2026-03-19 06:00:00,37.0,17.67
2026-03-19 07:00:00,37.0,17.55
2026-03-19 08:00:00,37.0,17.4
2026-03-19 09:00:00,37.6,17.4
2026-03-19 10:00:00,38.0,17.4
2026-03-19 11:00:00,38.0,17.28
2026-03-19 12:00:00,38.0,17.2
2026-03-19 13:00:00,37.0,17.1
2026-03-19 14:00:00,36.0,17.02
2026-03-19 15:00:00,36.0,17.22
2026-03-19 16:00:00,36.2,17.27
2026-03-19 17:00:00,37.0,17.25
2026-03-19 18:00:00,38.0,17.4
2026-03-19 19:00:00,38.0,17.53
2026-03-19 20:00:00,37.8,17.58
2026-03-19 21:00:00,37.0,17.47
2026-03-19 22:00:00,37.0,17.33
2026-03-19 23:00:00,37.0,17.2
2026-03-20 00:00:00,37.0,17.07
2026-03-20 01:00:00,37.0,16.95
2026-03-20 02:00:00,37.0,16.83
2026-03-20 03:00:00,37.0,16.72
2026-03-20 04:00:00,37.0,16.62
2026-03-20 05:00:00,37.0,16.48
2026-03-20 06:00:00,37.0,16.4
2026-03-20 07:00:00,37.0,16.33
2026-03-20 08:00:00,37.0,16.18
2026-03-20 09:00:00,37.0,16.1
2026-03-20 10:00:00,37.3,16.1
2026-03-20 11:00:00,38.0,16.1
2026-03-20 12:00:00,38.0,16.2
2026-03-20 13:00:00,38.0,16.22
2026-03-20 14:00:00,38.0,16.3
2026-03-20 15:00:00,38.0,16.35
2026-03-20 16:00:00,38.0,16.4
2026-03-20 17:00:00,38.0,16.4
2026-03-20 18:00:00,37.0,16.35
2026-03-20 19:00:00,37.0,16.35
2026-03-20 20:00:00,37.0,16.3
2026-03-20 21:00:00,37.0,16.3
2026-03-20 22:00:00,37.0,16.27
2026-03-20 23:00:00,37.0,16.2
2026-03-21 00:00:00,37.0,16.17
2026-03-21 01:00:00,37.0,16.1
2026-03-21 02:00:00,37.0,16.03
2026-03-21 03:00:00,37.2,16.0
2026-03-21 04:00:00,38.0,15.9
2026-03-21 05:00:00,38.0,15.88
2026-03-21 06:00:00,38.0,15.8
2026-03-21 07:00:00,38.0,15.77
2026-03-21 08:00:00,38.0,15.7
2026-03-21 09:00:00,38.0,15.75
2026-03-21 10:00:00,38.0,15.93
2026-03-21 11:00:00,38.0,16.0
2026-03-21 12:00:00,38.0,16.0
2026-03-21 13:00:00,38.0,16.0
2026-03-21 14:00:00,38.0,16.05
2026-03-21 15:00:00,38.0,16.22
2026-03-21 16:00:00,38.0,16.3
2026-03-21 17:00:00,39.0,16.45
2026-03-21 18:00:00,39.0,16.62
2026-03-21 19:00:00,39.5,16.77
2026-03-21 20:00:00,40.0,16.67
2026-03-21 21:00:00,40.0,16.53
2026-03-21 22:00:00,40.0,16.4
2026-03-21 23:00:00,40.0,16.27
2026-03-22 00:00:00,40.0,16.17
2026-03-22 01:00:00,40.0,16.07
2026-03-22 02:00:00,40.2,15.98
2026-03-22 03:00:00,41.0,15.9
2026-03-22 04:00:00,41.0,15.82
2026-03-22 05:00:00,41.0,15.73
2026-03-22 06:00:00,41.0,15.68
2026-03-22 07:00:00,41.0,15.58
2026-03-22 08:00:00,41.0,15.6
2026-03-22 09:00:00,41.0,16.23
2026-03-22 10:00:00,41.8,16.63
2026-03-22 11:00:00,42.0,16.53
2026-03-22 12:00:00,42.0,16.5
2026-03-22 13:00:00,42.0,16.57
2026-03-22 14:00:00,42.0,16.7
2026-03-22 15:00:00,42.0,16.7
2026-03-22 16:00:00,42.0,16.7
2026-03-22 17:00:00,42.0,16.7
2026-03-22 18:00:00,42.0,16.67
2026-03-22 19:00:00,42.0,16.6
2026-03-22 20:00:00,42.0,16.6
2026-03-22 21:00:00,42.0,16.52
2026-03-22 22:00:00,42.0,16.48
2026-03-22 23:00:00,42.0,16.4
2026-03-23 00:00:00,41.2,16.38
2026-03-23 01:00:00,41.0,16.3
2026-03-23 02:00:00,41.0,16.23
2026-03-23 03:00:00,41.0,16.2
2026-03-23 04:00:00,41.0,16.1
2026-03-23 05:00:00,41.0,16.07
2026-03-23 06:00:00,41.0,16.0
2026-03-23 07:00:00,41.0,15.95
2026-03-23 08:00:00,41.8,15.83
2026-03-23 09:00:00,42.0,15.8
2026-03-23 10:00:00,42.0,15.8
2026-03-23 11:00:00,42.0,15.8
2026-03-23 12:00:00,43.0,15.8
2026-03-23 13:00:00,43.0,15.8
2026-03-23 14:00:00,43.0,15.8
2026-03-23 15:00:00,42.3,15.8
2026-03-23 16:00:00,42.2,15.8
2026-03-23 17:00:00,42.0,15.93
2026-03-23 18:00:00,42.0,16.0
2026-03-23 19:00:00,42.0,16.0
2026-03-23 20:00:00,42.0,15.95
2026-03-23 21:00:00,42.0,15.88
2026-03-23 22:00:00,42.0,15.8
2026-03-23 23:00:00,42.0,15.73
2026-03-24 00:00:00,42.0,15.68
2026-03-24 01:00:00,42.0,15.6
2026-03-24 02:00:00,42.0,15.55
2026-03-24 03:00:00,42.0,15.48
2026-03-24 04:00:00,42.0,15.4
2026-03-24 05:00:00,42.0,15.32
2026-03-24 06:00:00,42.0,15.2
2026-03-24 07:00:00,42.0,15.2
2026-03-24 08:00:00,42.0,15.1
2026-03-24 09:00:00,42.2,15.1
2026-03-24 10:00:00,43.0,15.1
2026-03-24 11:00:00,43.0,15.1
2026-03-24 12:00:00,42.0,15.1
2026-03-24 13:00:00,42.0,15.2
2026-03-24 14:00:00,42.0,15.2
2026-03-24 15:00:00,42.0,15.2
2026-03-24 16:00:00,42.0,15.28
2026-03-24 17:00:00,42.0,15.3
2026-03-24 18:00:00,42.0,15.3
2026-03-24 19:00:00,42.0,15.3
2026-03-24 20:00:00,42.0,15.23
2026-03-24 21:00:00,42.0,15.2
2026-03-24 22:00:00,42.0,15.2
2026-03-24 23:00:00,42.0,15.2
2026-03-25 00:00:00,42.0,15.1
2026-03-25 01:00:00,42.0,15.1
2026-03-25 02:00:00,42.0,15.07
2026-03-25 03:00:00,42.0,15.0
2026-03-25 04:00:00,42.0,15.0
2026-03-25 05:00:00,42.0,15.0
2026-03-25 06:00:00,42.0,15.0
2026-03-25 07:00:00,42.0,15.0
2026-03-25 08:00:00,42.0,15.0
2026-03-25 09:00:00,42.0,15.0
2026-03-25 10:00:00,42.0,15.0
2026-03-25 11:00:00,42.0,15.0
2026-03-25 12:00:00,42.7,15.0
2026-03-25 13:00:00,43.8,15.0
2026-03-25 14:00:00,44.0,15.0
2026-03-25 15:00:00,44.0,15.0
2026-03-25 16:00:00,44.0,15.0
2026-03-25 17:00:00,44.0,15.0
2026-03-25 18:00:00,43.0,14.95
2026-03-25 19:00:00,43.0,14.9
2026-03-25 20:00:00,43.0,14.8
2026-03-25 21:00:00,43.0,14.78
2026-03-25 22:00:00,43.0,14.7
2026-03-25 23:00:00,43.0,14.65
2026-03-26 00:00:00,43.0,14.6
2026-03-26 01:00:00,43.0,14.52
2026-03-26 02:00:00,43.0,14.47
2026-03-26 03:00:00,43.0,14.4
2026-03-26 04:00:00,42.0,14.3
2026-03-26 05:00:00,42.0,14.23
2026-03-26 06:00:00,42.0,14.18
2026-03-26 07:00:00,42.0,14.08
2026-03-26 08:00:00,42.0,13.9
2026-03-26 09:00:00,42.0,13.8
2026-03-26 10:00:00,41.3,13.73
2026-03-26 11:00:00,41.0,13.67
2026-03-26 12:00:00,41.0,13.6
2026-03-26 13:00:00,41.0,13.65
2026-03-26 14:00:00,41.7,13.7
2026-03-26 15:00:00,42.0,13.78
2026-03-26 16:00:00,42.0,13.87
2026-03-26 17:00:00,41.7,14.0
2026-03-26 18:00:00,42.0,14.12
2026-03-26 19:00:00,42.0,14.23
2026-03-26 20:00:00,42.0,14.33
2026-03-26 21:00:00,42.0,14.42
2026-03-26 22:00:00,42.0,14.6
2026-03-26 23:00:00,42.0,14.62
2026-03-27 00:00:00,41.5,14.7
2026-03-27 01:00:00,41.0,14.78
2026-03-27 02:00:00,41.0,14.82
2026-03-27 03:00:00,40.8,14.9
2026-03-27 04:00:00,40.2,14.93
2026-03-27 05:00:00,40.0,15.0
2026-03-27 06:00:00,40.0,15.02
2026-03-27 07:00:00,39.2,14.82
2026-03-27 08:00:00,39.3,14.53
2026-03-27 09:00:00,39.0,14.32
2026-03-27 10:00:00,40.0,14.4
2026-03-27 11:00:00,39.0,14.4
2026-03-27 12:00:00,39.0,14.4
2026-03-27 13:00:00,39.5,14.75
2026-03-27 14:00:00,39.0,15.13
2026-03-27 15:00:00,39.0,15.33
2026-03-27 16:00:00,39.0,15.45
2026-03-27 17:00:00,38.8,15.55
2026-03-27 18:00:00,38.0,15.65
2026-03-27 19:00:00,38.0,15.7
2026-03-27 20:00:00,38.0,15.7
2026-03-27 21:00:00,38.0,15.7
2026-03-27 22:00:00,37.8,15.7
2026-03-27 23:00:00,37.0,15.7
2026-03-28 00:00:00,37.0,15.67
2026-03-28 01:00:00,37.0,15.6
2026-03-28 02:00:00,36.8,15.6
2026-03-28 03:00:00,36.0,15.53
2026-03-28 04:00:00,36.0,15.48
2026-03-28 05:00:00,36.0,15.4
2026-03-28 06:00:00,36.0,15.5
2026-03-28 07:00:00,35.0,15.13
2026-03-28 08:00:00,36.0,14.78
2026-03-28 09:00:00,36.0,14.7
2026-03-28 10:00:00,36.2,14.7
2026-03-28 11:00:00,36.0,14.73
2026-03-28 12:00:00,36.0,14.8
2026-03-28 13:00:00,37.0,15.3
2026-03-28 14:00:00,36.0,15.83
2026-03-28 15:00:00,36.0,16.12
2026-03-28 16:00:00,36.0,16.28
2026-03-28 17:00:00,37.0,16.38
2026-03-28 18:00:00,37.0,16.47
2026-03-28 19:00:00,37.0,16.5
2026-03-28 20:00:00,37.0,16.5
2026-03-28 21:00:00,37.7,16.5
2026-03-28 22:00:00,38.0,16.5
2026-03-28 23:00:00,38.0,16.52
2026-03-29 00:00:00,38.0,16.6
2026-03-29 01:00:00,38.0,16.6
2026-03-29 02:00:00,38.0,16.6
2026-03-29 03:00:00,38.0,16.6
2026-03-29 04:00:00,38.0,16.6
2026-03-29 05:00:00,38.0,16.6
2026-03-29 06:00:00,38.5,16.48
2026-03-29 07:00:00,39.0,16.23
2026-03-29 08:00:00,39.8,16.05
2026-03-29 09:00:00,40.3,16.05
2026-03-29 10:00:00,40.7,15.97
2026-03-29 11:00:00,41.0,15.98
2026-03-29 13:00:00,40.0,16.6
2026-03-29 14:00:00,40.0,16.7
2026-03-29 15:00:00,40.0,16.8
2026-03-29 16:00:00,40.0,16.88
2026-03-29 17:00:00,40.0,16.9
2026-03-29 18:00:00,39.3,16.97
2026-03-29 19:00:00,39.0,17.0
2026-03-29 20:00:00,39.0,17.0
2026-03-29 21:00:00,39.0,17.0
2026-03-29 22:00:00,39.0,17.0
2026-03-29 23:00:00,39.0,17.0
2026-03-30 00:00:00,39.0,17.0
2026-03-30 01:00:00,39.0,17.0
2026-03-30 02:00:00,38.2,16.93
2026-03-30 03:00:00,38.0,16.93
2026-03-30 04:00:00,38.0,16.82
2026-03-30 05:00:00,38.0,16.65
2026-03-30 06:00:00,37.7,16.05
2026-03-30 07:00:00,38.6,15.48
2026-03-30 08:00:00,39.0,15.4
2026-03-30 09:00:00,39.2,15.37
2026-03-30 10:00:00,40.2,14.98
2026-03-30 11:00:00,41.0,14.82
2026-03-30 12:00:00,41.3,15.28
2026-03-30 13:00:00,41.0,15.92
2026-03-30 14:00:00,40.7,16.17
2026-03-30 15:00:00,40.7,16.25
2026-03-30 16:00:00,40.5,16.45
2026-03-30 17:00:00,40.2,16.63
2026-03-30 18:00:00,40.0,16.8
2026-03-30 19:00:00,40.0,16.87
2026-03-30 20:00:00,40.0,16.9
2026-03-30 21:00:00,40.0,17.0
2026-03-30 22:00:00,40.0,17.0
2026-03-30 23:00:00,40.0,17.08
2026-03-31 00:00:00,39.8,17.0
2026-03-31 01:00:00,40.0,16.9
2026-03-31 02:00:00,39.3,17.0
2026-03-31 03:00:00,39.0,17.0
2026-03-31 04:00:00,39.0,17.0
2026-03-31 05:00:00,39.0,17.02
2026-03-31 06:00:00,38.7,16.4
2026-03-31 07:00:00,39.8,15.65
2026-03-31 08:00:00,40.0,15.35
2026-03-31 09:00:00,38.8,15.28
2026-03-31 10:00:00,38.7,15.48
2026-03-31 11:00:00,38.2,15.38
2026-03-31 12:00:00,39.0,15.77
2026-03-31 13:00:00,38.0,16.35
2026-03-31 14:00:00,38.0,16.6
2026-03-31 15:00:00,38.3,16.67
2026-03-31 16:00:00,38.5,16.92
2026-03-31 17:00:00,39.0,17.05
2026-03-31 18:00:00,39.0,17.15
2026-03-31 19:00:00,39.0,17.2
2026-03-31 20:00:00,39.0,17.2
2026-03-31 21:00:00,39.0,17.17
2026-03-31 22:00:00,38.8,17.1
2026-03-31 23:00:00,38.3,17.1
2026-04-01 00:00:00,38.2,17.1
2026-04-01 01:00:00,38.0,17.12
2026-04-01 02:00:00,38.0,17.2
2026-04-01 03:00:00,38.0,17.15
2026-04-01 04:00:00,38.0,17.2
2026-04-01 05:00:00,38.0,17.2
2026-04-01 06:00:00,38.0,17.13
2026-04-01 07:00:00,38.0,17.18
2026-04-01 08:00:00,38.0,17.28
2026-04-01 09:00:00,38.0,17.52
2026-04-01 10:00:00,38.0,17.6
2026-04-01 11:00:00,38.0,17.63
2026-04-01 12:00:00,37.5,17.7
2026-04-01 13:00:00,37.0,17.72
2026-04-01 14:00:00,37.2,17.8
2026-04-01 15:00:00,37.0,17.8
2026-04-01 16:00:00,37.0,17.85
2026-04-01 17:00:00,37.0,17.9
2026-04-01 18:00:00,37.0,17.9
2026-04-01 19:00:00,37.0,17.9
2026-04-01 20:00:00,37.0,17.9
2026-04-01 21:00:00,37.0,17.9
2026-04-01 22:00:00,37.0,17.9
2026-04-01 23:00:00,37.0,17.9
2026-04-02 00:00:00,36.8,17.9
2026-04-02 01:00:00,36.0,17.9
2026-04-02 02:00:00,36.0,17.87
2026-04-02 03:00:00,36.0,17.8
2026-04-02 04:00:00,36.0,17.8
2026-04-02 05:00:00,36.0,17.78
2026-04-02 06:00:00,35.7,17.15
2026-04-02 07:00:00,37.0,16.55
2026-04-02 08:00:00,36.8,17.0
2026-04-02 09:00:00,36.0,17.4
2026-04-02 10:00:00,36.0,17.1
2026-04-02 11:00:00,36.8,16.92
2026-04-02 12:00:00,37.0,17.3
2026-04-02 13:00:00,37.0,17.57
2026-04-02 14:00:00,37.0,17.7
2026-04-02 15:00:00,37.0,17.78
2026-04-02 16:00:00,37.0,17.77
2026-04-02 17:00:00,37.0,17.7
2026-04-02 18:00:00,37.0,17.7
2026-04-02 19:00:00,37.0,17.7
2026-04-02 20:00:00,37.0,17.6
2026-04-02 21:00:00,37.0,17.52
2026-04-02 22:00:00,37.0,17.42
2026-04-02 23:00:00,37.0,17.32
2026-04-03 00:00:00,37.0,17.22
2026-04-03 01:00:00,37.0,17.12
2026-04-03 02:00:00,37.0,17.02
2026-04-03 03:00:00,37.0,16.88
2026-04-03 04:00:00,37.0,16.78
2026-04-03 05:00:00,37.0,16.67
2026-04-03 06:00:00,37.3,16.5
2026-04-03 07:00:00,38.0,16.45
2026-04-03 08:00:00,38.7,16.55
2026-04-03 09:00:00,39.2,16.68
2026-04-03 10:00:00,39.0,16.7
2026-04-03 11:00:00,39.0,16.58
2026-04-03 12:00:00,39.0,16.57
2026-04-03 13:00:00,39.0,16.6
2026-04-03 14:00:00,39.0,16.6
2026-04-03 15:00:00,39.0,16.63
2026-04-03 16:00:00,39.0,16.7
2026-04-03 17:00:00,39.0,16.7
2026-04-03 18:00:00,39.0,16.68
2026-04-03 19:00:00,39.0,16.6
2026-04-03 20:00:00,39.0,16.5
2026-04-03 21:00:00,39.0,16.48
2026-04-03 22:00:00,39.0,16.4
2026-04-03 23:00:00,39.0,16.33
2026-04-04 00:00:00,39.0,16.3
2026-04-04 01:00:00,39.0,16.23
2026-04-04 02:00:00,39.0,16.2
2026-04-04 03:00:00,39.2,16.17
2026-04-04 04:00:00,40.0,16.1
2026-04-04 05:00:00,40.0,16.08
2026-04-04 06:00:00,40.0,16.0
2026-04-04 07:00:00,41.0,16.0
2026-04-04 08:00:00,42.0,15.9
2026-04-04 09:00:00,42.2,15.9
2026-04-04 10:00:00,43.0,15.9
2026-04-04 11:00:00,43.0,15.92
2026-04-04 12:00:00,43.0,16.0
2026-04-04 13:00:00,43.0,16.15
2026-04-04 14:00:00,43.0,16.37
2026-04-04 15:00:00,42.0,16.62
2026-04-04 16:00:00,42.0,16.8
2026-04-04 17:00:00,42.0,16.75
2026-04-04 18:00:00,42.7,16.68
2026-04-04 19:00:00,43.0,16.6
2026-04-04 20:00:00,43.3,16.55
2026-04-04 21:00:00,44.0,16.5
2026-04-04 22:00:00,44.0,16.5
2026-04-04 23:00:00,44.5,16.47
2026-04-05 00:00:00,45.0,16.4
2026-04-05 01:00:00,45.0,16.4
2026-04-05 02:00:00,44.7,16.4
2026-04-05 03:00:00,44.0,16.4
2026-04-05 04:00:00,44.0,16.35
2026-04-05 05:00:00,44.0,16.3
2026-04-05 06:00:00,44.3,16.3
2026-04-05 07:00:00,44.0,16.37
2026-04-05 08:00:00,44.7,16.6
2026-04-05 09:00:00,45.2,16.88
2026-04-05 10:00:00,46.0,16.98
2026-04-05 11:00:00,46.2,16.88
2026-04-05 12:00:00,46.0,16.88
2026-04-05 13:00:00,46.0,16.9
2026-04-05 14:00:00,46.0,16.93
2026-04-05 15:00:00,46.0,17.0
2026-04-05 16:00:00,46.0,17.0
2026-04-05 17:00:00,45.7,17.0
2026-04-05 18:00:00,45.0,17.0
2026-04-05 19:00:00,45.0,17.0
2026-04-05 20:00:00,45.0,17.0
2026-04-05 21:00:00,45.0,17.0
2026-04-05 22:00:00,45.0,17.0
2026-04-05 23:00:00,45.0,17.0
2026-04-06 00:00:00,45.0,17.0
2026-04-06 01:00:00,45.0,17.0
2026-04-06 02:00:00,45.3,17.0
2026-04-06 03:00:00,46.0,17.0
2026-04-06 04:00:00,46.0,17.0
2026-04-06 05:00:00,46.0,17.0
2026-04-06 06:00:00,46.7,17.0
2026-04-06 07:00:00,47.0,17.0
2026-04-06 08:00:00,47.0,17.0
2026-04-06 09:00:00,47.0,17.07
2026-04-06 10:00:00,47.0,17.1
2026-04-06 11:00:00,47.0,17.1
2026-04-06 12:00:00,47.0,17.18
2026-04-06 13:00:00,46.8,17.23
2026-04-06 14:00:00,46.0,17.3
2026-04-06 15:00:00,46.0,17.4
2026-04-06 16:00:00,46.0,17.4
2026-04-06 17:00:00,46.0,17.4
2026-04-06 18:00:00,46.0,17.45
2026-04-06 19:00:00,46.0,17.5
2026-04-06 20:00:00,46.0,17.5
2026-04-06 21:00:00,46.0,17.5
2026-04-06 22:00:00,46.0,17.5
2026-04-06 23:00:00,46.0,17.5
2026-04-07 00:00:00,46.0,17.5
2026-04-07 01:00:00,46.0,17.5
2026-04-07 02:00:00,46.0,17.5
2026-04-07 03:00:00,46.0,17.5
2026-04-07 04:00:00,46.0,17.5
2026-04-07 05:00:00,46.0,17.5
2026-04-07 06:00:00,45.2,17.4
2026-04-07 07:00:00,46.0,17.3
2026-04-07 08:00:00,46.0,17.32
2026-04-07 09:00:00,46.0,17.4
2026-04-07 10:00:00,46.0,17.48
2026-04-07 11:00:00,46.0,17.55
2026-04-07 12:00:00,46.2,17.6
2026-04-07 13:00:00,47.0,17.8
2026-04-07 14:00:00,47.0,17.8
2026-04-07 15:00:00,47.0,17.88
2026-04-07 16:00:00,47.0,17.92
2026-04-07 17:00:00,46.2,17.98
2026-04-07 18:00:00,46.0,18.0
2026-04-07 19:00:00,46.0,18.0
2026-04-07 20:00:00,46.0,18.0
2026-04-07 21:00:00,46.0,18.0
2026-04-07 22:00:00,46.0,18.0
2026-04-07 23:00:00,46.0,18.0
2026-04-08 00:00:00,46.0,18.0
2026-04-08 01:00:00,46.0,18.0
2026-04-08 02:00:00,46.0,18.0
2026-04-08 03:00:00,45.0,18.0
2026-04-08 04:00:00,45.0,17.95
2026-04-08 05:00:00,45.0,17.9
2026-04-08 06:00:00,44.0,17.9
2026-04-08 07:00:00,44.0,17.9
2026-04-08 08:00:00,43.7,17.9
2026-04-08 09:00:00,43.2,17.82
2026-04-08 10:00:00,44.0,17.9
2026-04-08 11:00:00,44.0,17.98
2026-04-08 12:00:00,44.0,18.05
2026-04-08 13:00:00,44.0,18.1
2026-04-08 14:00:00,44.0,18.2
2026-04-08 15:00:00,44.0,18.23
2026-04-08 16:00:00,44.8,18.45
2026-04-08 17:00:00,45.2,18.82
2026-04-08 18:00:00,45.6,19.1
2026-04-08 19:00:00,45.0,19.5
2026-04-08 20:00:00,45.0,19.37
2026-04-08 21:00:00,45.0,19.25
2026-04-08 22:00:00,45.0,19.13
2026-04-08 23:00:00,45.0,19.02
2026-04-09 00:00:00,44.2,18.92
2026-04-09 01:00:00,44.0,18.82
2026-04-09 02:00:00,44.0,18.7
2026-04-09 03:00:00,43.3,18.65
2026-04-09 04:00:00,43.0,18.58
2026-04-09 05:00:00,43.0,18.5
2026-04-09 06:00:00,42.8,18.32
2026-04-09 09:00:00,44.0,18.3
2026-04-09 10:00:00,44.0,18.32
2026-04-09 11:00:00,44.0,18.42
2026-04-09 12:00:00,44.0,18.5
2026-04-09 13:00:00,44.0,18.58
2026-04-09 14:00:00,44.0,18.65
2026-04-09 15:00:00,44.0,18.7
2026-04-09 16:00:00,44.0,18.7
2026-04-09 17:00:00,44.0,18.7
2026-04-09 18:00:00,44.0,18.77
2026-04-09 19:00:00,44.0,18.94
2026-04-09 20:00:00,44.0,19.0
2026-04-09 21:00:00,44.0,19.0
2026-04-09 22:00:00,44.0,18.93
2026-04-09 23:00:00,44.0,18.9
2026-04-10 00:00:00,44.0,18.9
2026-04-10 01:00:00,44.0,18.8
2026-04-10 02:00:00,44.0,18.8
2026-04-10 03:00:00,44.0,18.8
2026-04-10 04:00:00,44.0,18.72
2026-04-10 05:00:00,44.0,18.7
2026-04-10 06:00:00,45.0,18.58
2026-04-10 07:00:00,46.0,18.48
2026-04-10 08:00:00,46.0,18.48
2026-04-10 09:00:00,46.0,18.4
2026-04-10 10:00:00,46.0,18.32
2026-04-10 11:00:00,46.0,18.4
2026-04-10 12:00:00,46.0,18.48
2026-04-10 13:00:00,46.0,18.57
2026-04-10 14:00:00,45.5,18.6
2026-04-10 15:00:00,46.0,18.62
2026-04-10 16:00:00,46.0,18.7
2026-04-10 17:00:00,46.0,18.7
2026-04-10 18:00:00,46.0,18.7
2026-04-10 19:00:00,46.0,18.7
2026-04-10 20:00:00,46.0,18.7
2026-04-10 21:00:00,46.0,18.7
2026-04-10 22:00:00,46.0,18.62
2026-04-10 23:00:00,46.0,18.6
2026-04-11 00:00:00,46.0,18.58
2026-04-11 01:00:00,46.0,18.5
2026-04-11 02:00:00,46.0,18.5
2026-04-11 03:00:00,46.0,18.42
2026-04-11 04:00:00,46.0,18.4
2026-04-11 05:00:00,46.0,18.35
2026-04-11 06:00:00,47.2,18.28
2026-04-11 07:00:00,48.3,18.17
2026-04-11 08:00:00,49.2,18.03
2026-04-11 09:00:00,49.0,18.05
2026-04-11 10:00:00,49.0,18.1
2026-04-11 11:00:00,48.0,18.18
2026-04-11 12:00:00,48.0,18.2
2026-04-11 13:00:00,48.0,18.28
2026-04-11 14:00:00,48.0,18.3
2026-04-11 15:00:00,48.2,18.33
2026-04-11 16:00:00,49.2,18.38
2026-04-11 17:00:00,49.2,18.4
2026-04-11 18:00:00,49.0,18.4
2026-04-11 19:00:00,49.0,18.4
2026-04-11 20:00:00,49.0,18.4
2026-04-11 21:00:00,49.0,18.4
2026-04-11 22:00:00,49.0,18.4
2026-04-11 23:00:00,49.0,18.38
2026-04-12 00:00:00,49.5,18.33
2026-04-12 01:00:00,50.0,18.3
2026-04-12 02:00:00,50.0,18.3
2026-04-12 03:00:00,50.0,18.3
2026-04-12 04:00:00,50.0,18.3
2026-04-12 05:00:00,50.0,18.2
2026-04-12 06:00:00,50.2,18.18
2026-04-12 07:00:00,51.2,18.14
2026-04-12 09:00:00,54.0,17.8
2026-04-12 10:00:00,54.0,17.8
2026-04-12 11:00:00,54.0,17.74
2026-04-12 12:00:00,52.0,17.9
2026-04-12 13:00:00,51.5,17.92
2026-04-12 14:00:00,51.0,18.15
2026-04-12 15:00:00,50.0,18.27
2026-04-12 16:00:00,50.0,18.2
2026-04-12 17:00:00,50.0,18.1
2026-04-12 18:00:00,50.0,18.03
2026-04-12 19:00:00,49.2,17.93
2026-04-12 20:00:00,49.0,17.85
2026-04-12 21:00:00,49.0,17.77
2026-04-12 22:00:00,49.0,17.68
2026-04-12 23:00:00,49.0,17.6
2026-04-13 00:00:00,49.0,17.53
2026-04-13 01:00:00,48.7,17.47
2026-04-13 02:00:00,48.0,17.4
2026-04-13 03:00:00,48.0,17.3
2026-04-13 04:00:00,48.0,17.26
2026-04-13 05:00:00,48.0,17.2
2026-04-13 06:00:00,48.5,17.1
2026-04-13 07:00:00,49.0,16.98
2026-04-13 08:00:00,49.7,16.88
2026-04-13 09:00:00,50.0,16.8
2026-04-13 10:00:00,50.0,16.83
2026-04-13 11:00:00,50.0,16.83
2026-04-13 12:00:00,50.0,16.8
2026-04-13 13:00:00,50.0,16.8
2026-04-13 14:00:00,50.0,16.8
2026-04-13 15:00:00,50.0,16.8
2026-04-13 16:00:00,50.0,16.8
2026-04-13 17:00:00,50.0,16.78
2026-04-13 18:00:00,50.0,16.7
2026-04-13 19:00:00,50.0,16.65
2026-04-13 20:00:00,50.0,16.6
2026-04-13 21:00:00,49.3,16.5
2026-04-13 22:00:00,49.0,16.47
2026-04-13 23:00:00,49.0,16.4
2026-04-14 00:00:00,49.0,16.33
2026-04-14 01:00:00,49.0,16.3
2026-04-14 02:00:00,49.0,16.2
2026-04-14 03:00:00,49.0,16.17
2026-04-14 04:00:00,49.0,16.1
2026-04-14 05:00:00,49.0,16.03
2026-04-14 06:00:00,49.0,15.97
2026-04-14 07:00:00,49.0,15.9
2026-04-14 08:00:00,49.3,15.97
2026-04-14 09:00:00,50.0,15.9
2026-04-14 10:00:00,50.0,15.9
2026-04-14 11:00:00,51.0,15.8
2026-04-14 12:00:00,51.0,15.8
2026-04-14 13:00:00,51.0,15.8
2026-04-14 14:00:00,50.8,15.8
2026-04-14 15:00:00,50.0,15.87
2026-04-14 16:00:00,50.0,15.98
2026-04-14 17:00:00,50.0,15.92
2026-04-14 18:00:00,50.0,15.88
2026-04-14 19:00:00,50.0,15.8
2026-04-14 20:00:00,51.0,15.7
2026-04-14 21:00:00,51.0,15.7
2026-04-14 22:00:00,51.0,15.6
2026-04-14 23:00:00,51.0,15.57
2026-04-15 00:00:00,51.0,15.5
2026-04-15 01:00:00,51.0,15.48
2026-04-15 02:00:00,51.0,15.4
2026-04-15 03:00:00,51.0,15.4
2026-04-15 04:00:00,51.0,15.35
2026-04-15 05:00:00,51.0,15.3
2026-04-15 06:00:00,51.0,15.3
2026-04-15 07:00:00,51.0,15.3
2026-04-15 08:00:00,51.0,15.3
2026-04-15 10:00:00,52.0,15.4
2026-04-15 11:00:00,52.8,15.53
2026-04-15 12:00:00,53.0,15.6
2026-04-15 13:00:00,52.4,15.6
2026-04-15 14:00:00,51.0,15.6
2026-04-15 15:00:00,51.0,15.72
2026-04-15 16:00:00,51.0,15.95
2026-04-15 17:00:00,51.3,16.2
2026-04-15 18:00:00,52.0,16.45
2026-04-15 19:00:00,52.0,16.6
2026-04-15 20:00:00,52.0,16.6
2026-04-15 21:00:00,52.0,16.47
2026-04-15 22:00:00,52.0,16.33
2026-04-15 23:00:00,52.0,16.2
2026-04-16 00:00:00,52.0,16.08
2026-04-16 01:00:00,52.0,16.0
2026-04-16 02:00:00,52.0,16.0
2026-04-16 03:00:00,52.0,16.0
2026-04-16 04:00:00,52.0,16.07
2026-04-16 05:00:00,52.0,16.13
2026-04-16 06:00:00,52.0,16.22
2026-04-16 07:00:00,52.0,16.58
2026-04-16 08:00:00,51.0,17.3
2026-04-16 09:00:00,51.0,17.3
2026-04-16 10:00:00,51.5,17.22
2026-04-16 11:00:00,52.0,17.2
2026-04-16 14:00:00,51.0,17.2
2026-04-16 15:00:00,51.0,17.23
2026-04-16 16:00:00,51.0,17.2
2026-04-16 17:00:00,51.0,17.2
2026-04-16 18:00:00,51.0,17.2
2026-04-16 19:00:00,51.0,17.13
2026-04-16 20:00:00,51.0,17.1
2026-04-16 21:00:00,51.0,17.1
2026-04-16 22:00:00,51.0,17.15
2026-04-16 23:00:00,51.0,17.2
2026-04-17 00:00:00,51.0,17.3
2026-04-17 01:00:00,51.0,17.37
2026-04-17 02:00:00,51.0,17.43
2026-04-17 03:00:00,51.0,17.5
2026-04-17 04:00:00,51.0,17.6
2026-04-17 05:00:00,51.0,17.7
2026-04-17 06:00:00,50.5,17.65
2026-04-17 07:00:00,51.0,17.75
2026-04-17 08:00:00,50.2,18.03
2026-04-17 09:00:00,50.0,18.03
2026-04-17 10:00:00,50.0,18.23
2026-04-17 11:00:00,50.0,18.42
2026-04-17 12:00:00,50.0,18.6
2026-04-17 13:00:00,50.0,18.64
2026-04-17 14:00:00,50.0,18.7
2026-04-17 15:00:00,50.0,18.73
2026-04-17 16:00:00,50.0,18.8
2026-04-17 17:00:00,50.0,18.8
2026-04-17 18:00:00,49.8,18.8
2026-04-17 19:00:00,49.0,18.8
2026-04-17 20:00:00,49.0,18.8
2026-04-17 21:00:00,49.0,18.7
2026-04-17 22:00:00,49.0,18.7
2026-04-17 23:00:00,49.0,18.63
2026-04-18 00:00:00,49.0,18.6
2026-04-18 01:00:00,49.0,18.53
2026-04-18 02:00:00,48.7,18.5
2026-04-18 03:00:00,48.0,18.43
2026-04-18 04:00:00,48.0,18.4
2026-04-18 05:00:00,48.0,18.33
2026-04-18 06:00:00,48.0,18.25
2026-04-18 07:00:00,48.2,18.2
2026-04-18 08:00:00,49.0,18.2
2026-04-18 09:00:00,49.0,18.3
2026-04-18 10:00:00,49.0,18.3
2026-04-18 11:00:00,49.0,18.5
2026-04-18 12:00:00,48.7,18.7
2026-04-18 13:00:00,48.0,18.8
2026-04-18 14:00:00,48.0,18.88
2026-04-18 15:00:00,48.8,19.08
2026-04-18 16:00:00,49.0,19.4
2026-04-18 17:00:00,49.3,19.33
2026-04-18 18:00:00,49.0,19.3
2026-04-18 19:00:00,49.0,19.23
2026-04-18 20:00:00,49.7,19.2
2026-04-18 21:00:00,50.0,19.18
2026-04-18 22:00:00,50.0,19.1
2026-04-18 23:00:00,50.0,19.1
2026-04-19 00:00:00,49.2,19.07
2026-04-19 01:00:00,49.0,19.0
2026-04-19 02:00:00,49.0,19.0
2026-04-19 03:00:00,49.0,19.0
2026-04-19 04:00:00,49.0,19.0
2026-04-19 05:00:00,49.0,18.93
2026-04-19 06:00:00,49.0,18.9
2026-04-19 07:00:00,49.8,18.93
2026-04-19 08:00:00,50.0,19.1
2026-04-19 09:00:00,50.0,19.33
2026-04-19 10:00:00,50.0,19.25
2026-04-19 11:00:00,50.0,19.17
2026-04-19 12:00:00,50.0,19.15
2026-04-19 13:00:00,50.0,19.33
2026-04-19 14:00:00,49.8,19.58
2026-04-19 15:00:00,50.3,19.83
2026-04-19 16:00:00,50.8,20.12
2026-04-19 17:00:00,48.0,19.97
2026-04-19 18:00:00,47.0,19.8
2026-04-19 19:00:00,47.0,19.68
2026-04-19 20:00:00,47.0,19.58
2026-04-19 21:00:00,47.0,19.5
2026-04-19 22:00:00,47.0,19.4
2026-04-19 23:00:00,47.0,19.32
2026-04-20 00:00:00,46.2,19.27
2026-04-20 01:00:00,46.0,19.2
2026-04-20 02:00:00,46.0,19.1
2026-04-20 03:00:00,45.2,19.05
2026-04-20 04:00:00,45.0,18.98
2026-04-20 05:00:00,45.0,18.9
2026-04-20 06:00:00,42.7,18.65
2026-04-20 07:00:00,43.0,18.32
2026-04-20 08:00:00,43.3,18.3
2026-04-20 09:00:00,44.0,18.3
2026-04-20 10:00:00,43.5,18.3
2026-04-20 11:00:00,43.8,18.27
2026-04-20 12:00:00,44.0,18.45
2026-04-20 13:00:00,44.0,18.52
2026-04-20 14:00:00,44.3,18.6
2026-04-20 15:00:00,45.0,18.68
2026-04-20 16:00:00,45.0,18.7
2026-04-20 17:00:00,45.0,18.7
2026-04-20 18:00:00,44.8,18.72
2026-04-20 19:00:00,44.0,18.7
2026-04-20 20:00:00,44.0,18.7
2026-04-20 21:00:00,44.0,18.7
2026-04-20 22:00:00,44.0,18.65
2026-04-20 23:00:00,44.0,18.6
2026-04-21 00:00:00,43.2,18.55
2026-04-21 01:00:00,43.0,18.5
2026-04-21 02:00:00,43.0,18.42
2026-04-21 03:00:00,43.0,18.35
2026-04-21 04:00:00,43.0,18.3
2026-04-21 05:00:00,42.5,18.22
2026-04-21 06:00:00,40.3,17.93
2026-04-21 07:00:00,41.0,17.6
2026-04-21 08:00:00,41.0,17.65
2026-04-21 09:00:00,41.0,17.77
2026-04-21 10:00:00,41.0,17.8
2026-04-21 11:00:00,41.8,17.8
2026-04-21 12:00:00,42.0,17.87
2026-04-21 13:00:00,42.0,18.0
2026-04-21 14:00:00,42.3,18.07
2026-04-21 15:00:00,42.0,18.17
2026-04-21 16:00:00,42.0,18.2
2026-04-21 17:00:00,41.0,18.2
2026-04-21 18:00:00,41.0,18.2
2026-04-21 19:00:00,40.8,18.2
2026-04-21 20:00:00,40.0,18.2
2026-04-21 21:00:00,40.0,18.2
2026-04-21 22:00:00,39.3,18.1
2026-04-21 23:00:00,39.0,18.07
2026-04-22 00:00:00,38.5,18.0
2026-04-22 01:00:00,38.0,17.92
2026-04-22 02:00:00,38.0,17.82
2026-04-22 03:00:00,38.0,17.7
2026-04-22 04:00:00,38.0,17.7
2026-04-22 05:00:00,37.8,17.62
2026-04-22 06:00:00,37.8,17.6
2026-04-22 07:00:00,38.0,17.6
2026-04-22 08:00:00,38.0,17.6
2026-04-22 09:00:00,38.0,17.6
2026-04-22 10:00:00,39.0,17.6
2026-04-22 11:00:00,39.0,17.6
2026-04-22 12:00:00,39.0,17.65
2026-04-22 13:00:00,38.0,17.7
2026-04-22 14:00:00,37.7,17.68
2026-04-22 15:00:00,38.0,17.6
2026-04-22 16:00:00,38.5,17.6
2026-04-22 17:00:00,39.0,17.6
2026-04-22 18:00:00,39.0,17.6
2026-04-22 19:00:00,39.0,17.6
2026-04-22 20:00:00,39.0,17.6
2026-04-22 21:00:00,39.0,17.5
2026-04-22 22:00:00,39.0,17.5
2026-04-22 23:00:00,39.0,17.45
2026-04-23 00:00:00,39.0,17.4
2026-04-23 01:00:00,39.0,17.3
2026-04-23 02:00:00,39.0,17.28
2026-04-23 03:00:00,39.0,17.2
2026-04-23 04:00:00,39.0,17.12
2026-04-23 05:00:00,39.0,17.1
2026-04-23 06:00:00,38.2,16.97
2026-04-23 07:00:00,38.0,16.8
2026-04-23 08:00:00,38.2,16.8
2026-04-23 09:00:00,39.0,16.85
2026-04-23 10:00:00,39.0,16.9
2026-04-23 11:00:00,39.0,17.0
2026-04-23 12:00:00,39.0,17.03
2026-04-23 13:00:00,37.8,17.1
2026-04-23 14:00:00,37.7,17.13
2026-04-23 15:00:00,38.0,17.2
2026-04-23 16:00:00,38.0,17.2
2026-04-23 17:00:00,38.7,17.27
2026-04-23 18:00:00,39.0,17.3
2026-04-23 19:00:00,39.0,17.32
2026-04-23 20:00:00,39.2,17.4
2026-04-23 21:00:00,39.7,17.4
2026-04-23 22:00:00,40.0,17.35
2026-04-23 23:00:00,40.0,17.3
2026-04-24 00:00:00,39.3,17.3
2026-04-24 01:00:00,39.0,17.28
2026-04-24 02:00:00,39.0,17.2
2026-04-24 03:00:00,39.0,17.2
2026-04-24 04:00:00,39.0,17.15
2026-04-24 05:00:00,39.0,17.1
2026-04-24 06:00:00,39.0,17.02
2026-04-24 07:00:00,38.7,16.87
2026-04-24 08:00:00,37.0,16.7
2026-04-24 09:00:00,37.0,16.75
2026-04-24 10:00:00,36.7,16.83
2026-04-24 11:00:00,35.2,16.9
2026-04-24 12:00:00,33.7,16.98
2026-04-24 13:00:00,33.2,17.03
2026-04-24 14:00:00,34.0,17.1
2026-04-24 15:00:00,34.7,17.13
2026-04-24 16:00:00,35.0,17.2
2026-04-24 17:00:00,35.7,17.25
2026-04-24 18:00:00,36.0,17.3
2026-04-24 19:00:00,36.3,17.3
2026-04-24 20:00:00,37.0,17.4
2026-04-24 21:00:00,37.5,17.4
2026-04-24 22:00:00,38.0,17.4
2026-04-24 23:00:00,38.0,17.4
2026-04-25 00:00:00,38.0,17.4
2026-04-25 01:00:00,38.5,17.42
2026-04-25 02:00:00,39.0,17.43
2026-04-25 03:00:00,39.0,17.4
2026-04-25 04:00:00,39.0,17.4
2026-04-25 05:00:00,39.0,17.4
2026-04-25 06:00:00,39.0,17.35
2026-04-25 07:00:00,39.0,17.3
2026-04-25 08:00:00,39.8,17.3
2026-04-25 09:00:00,40.0,17.4
2026-04-25 10:00:00,40.0,17.47
2026-04-25 11:00:00,40.0,17.5
2026-04-25 12:00:00,40.0,17.58
2026-04-25 13:00:00,40.0,17.7
2026-04-25 14:00:00,40.0,17.7
2026-04-25 15:00:00,40.0,17.72
2026-04-25 16:00:00,40.2,17.8
2026-04-25 17:00:00,40.8,17.85
2026-04-25 18:00:00,41.0,17.9
2026-04-25 19:00:00,41.0,17.9
2026-04-25 20:00:00,41.0,17.98
2026-04-25 21:00:00,41.0,18.0
2026-04-25 22:00:00,41.0,18.0
2026-04-25 23:00:00,41.0,18.0
2026-04-26 00:00:00,41.0,18.0
2026-04-26 01:00:00,41.0,18.0
2026-04-26 02:00:00,40.0,18.0
2026-04-26 03:00:00,40.0,18.0
2026-04-26 04:00:00,40.0,17.98
2026-04-26 05:00:00,40.0,17.9
2026-04-26 06:00:00,39.3,17.78
2026-04-26 07:00:00,40.0,17.7
2026-04-26 08:00:00,40.0,17.77
2026-04-26 09:00:00,40.0,17.82
2026-04-26 10:00:00,40.0,17.9
2026-04-26 11:00:00,40.0,17.97
2026-04-26 12:00:00,40.5,18.07
2026-04-26 13:00:00,41.0,18.13
2026-04-26 14:00:00,41.0,18.2
2026-04-26 15:00:00,41.0,18.27
2026-04-26 16:00:00,41.0,18.3
2026-04-26 17:00:00,41.0,18.38
2026-04-26 18:00:00,41.0,18.4
2026-04-26 19:00:00,41.0,18.4
2026-04-26 20:00:00,41.0,18.4
2026-04-26 21:00:00,41.0,18.4
2026-04-26 22:00:00,40.3,18.4
2026-04-26 23:00:00,40.0,18.4
2026-04-27 00:00:00,40.0,18.4
2026-04-27 01:00:00,40.0,18.38
2026-04-27 02:00:00,39.7,18.33
2026-04-27 03:00:00,39.0,18.3
2026-04-27 04:00:00,39.0,18.3
2026-04-27 05:00:00,39.0,18.3
2026-04-27 06:00:00,39.0,18.15
2026-04-27 07:00:00,39.8,18.08
2026-04-27 08:00:00,40.0,18.12
2026-04-27 09:00:00,40.0,18.23
2026-04-27 10:00:00,40.8,18.3
2026-04-27 11:00:00,41.0,18.37
2026-04-27 12:00:00,41.0,18.43
2026-04-27 13:00:00,41.0,18.5
2026-04-27 14:00:00,41.0,18.6
2026-04-27 15:00:00,41.0,18.6
2026-04-27 16:00:00,41.0,18.7
2026-04-27 17:00:00,41.0,18.7
2026-04-27 18:00:00,41.0,18.7
2026-04-27 19:00:00,41.0,18.76
2026-04-27 20:00:00,41.0,18.8
2026-04-27 21:00:00,41.0,18.8
2026-04-27 22:00:00,41.0,18.8
2026-04-27 23:00:00,41.0,18.74
2026-04-28 00:00:00,41.0,18.7
2026-04-28 01:00:00,41.0,18.7
2026-04-28 02:00:00,41.0,18.7
2026-04-28 03:00:00,40.3,18.7
2026-04-28 04:00:00,40.0,18.7
2026-04-28 05:00:00,40.0,18.6
2026-04-28 06:00:00,40.0,18.52
2026-04-28 07:00:00,40.3,18.47
2026-04-28 08:00:00,41.0,18.63
2026-04-28 09:00:00,41.0,18.8
2026-04-28 10:00:00,41.0,18.82
2026-04-28 11:00:00,41.0,18.9
2026-04-28 12:00:00,41.0,18.9
2026-04-28 13:00:00,41.2,18.9
2026-04-28 14:00:00,42.0,18.98
2026-04-28 15:00:00,42.0,19.0
2026-04-28 16:00:00,42.0,19.0
2026-04-28 17:00:00,42.0,19.0
2026-04-28 18:00:00,42.0,19.0
2026-04-28 19:00:00,42.0,19.0
2026-04-28 20:00:00,42.8,19.0
2026-04-28 21:00:00,43.0,19.0
2026-04-28 22:00:00,43.0,19.0
2026-04-28 23:00:00,43.0,19.0
2026-04-29 00:00:00,43.0,19.0
2026-04-29 01:00:00,43.0,19.0
2026-04-29 02:00:00,44.0,19.0
2026-04-29 03:00:00,44.0,19.0
2026-04-29 04:00:00,44.0,18.93
2026-04-29 05:00:00,44.0,18.9
2026-04-29 06:00:00,44.0,18.9
2026-04-29 07:00:00,44.0,18.9
2026-04-29 08:00:00,44.0,18.9
2026-04-29 09:00:00,44.0,18.9
2026-04-29 10:00:00,44.0,18.9
2026-04-29 11:00:00,44.0,18.9
2026-04-29 12:00:00,44.0,18.9
2026-04-29 13:00:00,44.0,18.9
2026-04-29 14:00:00,44.0,18.98
2026-04-29 15:00:00,44.0,19.0
2026-04-29 16:00:00,44.0,19.0
2026-04-29 17:00:00,43.5,19.0
2026-04-29 18:00:00,43.0,19.1
2026-04-29 19:00:00,42.8,19.1
2026-04-29 20:00:00,42.0,19.1
2026-04-29 21:00:00,41.7,19.0
2026-04-29 22:00:00,41.0,19.0
2026-04-29 23:00:00,40.0,18.98
2026-04-30 00:00:00,39.0,18.9
2026-04-30 01:00:00,38.2,18.87
2026-04-30 02:00:00,37.5,18.8
2026-04-30 03:00:00,37.0,18.75
2026-04-30 04:00:00,36.0,18.68
2026-04-30 05:00:00,36.0,18.6
2026-04-30 06:00:00,35.2,18.48
2026-04-30 07:00:00,35.0,18.3
2026-04-30 08:00:00,34.7,18.2
2026-04-30 09:00:00,34.7,18.05
2026-04-30 10:00:00,35.8,18.15
2026-04-30 11:00:00,36.0,18.27
2026-04-30 12:00:00,36.0,18.35
2026-04-30 13:00:00,36.0,18.45
2026-04-30 14:00:00,36.5,18.5
2026-04-30 15:00:00,37.0,18.6
2026-04-30 16:00:00,37.0,18.6
2026-04-30 17:00:00,37.0,18.63
2026-04-30 18:00:00,37.0,18.7
2026-04-30 19:00:00,37.0,18.7
2026-04-30 20:00:00,37.0,18.7
2026-04-30 21:00:00,37.0,18.62
2026-04-30 22:00:00,36.8,18.6
2026-04-30 23:00:00,36.0,18.58
